Date,Cases,Deaths,Hospitalizations,Age_0_17,Age_18_29,Age_30_39,Age_40_49,Age_50_59,Age_60_69,Age_70_79,Age_80_plus
2020-03-01,0,0,2.0,0,0,0,0,0,0,0,0
2020-03-02,0,0,1.0,0,0,0,0,0,0,0,0
2020-03-03,0,0,3.0,0,0,0,0,0,0,0,0
2020-03-04,1,0,2.0,0,0,0,0,1,0,0,0
2020-03-05,1,0,6.0,0,0,0,0,1,0,0,0
2020-03-06,3,0,2.0,0,0,0,2,0,1,0,0
2020-03-07,3,0,3.0,0,0,0,0,1,0,2,0
2020-03-08,3,0,7.0,0,0,1,1,0,0,1,0
2020-03-09,5,0,3.0,3,0,0,0,0,0,1,1
2020-03-10,11,0,4.0,1,2,3,2,0,0,2,1
2020-03-11,13,0,7.0,0,4,1,3,3,2,0,0
2020-03-12,21,0,7.0,0,6,5,2,4,3,1,0
2020-03-13,32,0,8.0,0,4,13,5,5,5,0,0
2020-03-14,31,0,9.0,0,9,2,7,6,3,3,1
2020-03-15,40,0,20.0,0,3,8,9,8,5,4,3
2020-03-16,77,1,14.0,1,13,21,18,12,7,4,1
2020-03-17,96,1,22.0,0,15,21,18,17,19,2,4
2020-03-18,162,1,39.0,2,31,32,40,23,18,11,5
2020-03-19,185,2,35.0,5,34,47,36,25,18,18,2
2020-03-20,155,0,52.0,2,23,22,32,30,27,15,4
2020-03-21,125,2,61.0,0,18,25,20,28,16,13,5
2020-03-22,168,2,68.0,6,23,27,31,37,24,14,6
2020-03-23,289,3,101.0,4,46,55,52,56,30,35,11
2020-03-24,350,2,118.0,1,59,67,58,56,61,34,14
2020-03-25,367,5,122.0,2,51,71,72,82,33,36,20
2020-03-26,413,2,130.0,2,65,74,78,96,53,36,9
2020-03-27,404,8,155.0,4,43,61,86,103,49,36,22
2020-03-28,248,4,129.0,2,27,54,36,44,38,28,19
2020-03-29,283,20,128.0,4,30,48,54,50,50,30,17
2020-03-30,439,12,158.0,6,54,78,81,82,59,43,36
2020-03-31,489,16,160.0,5,57,104,97,91,69,39,27
2020-04-01,461,24,180.0,3,57,68,87,85,91,41,29
2020-04-02,436,15,170.0,2,58,69,85,91,58,40,33
2020-04-03,464,24,160.0,2,71,63,77,94,78,49,30
2020-04-04,326,22,158.0,2,34,38,61,70,63,33,25
2020-04-05,292,26,146.0,3,31,50,49,73,42,20,24
2020-04-06,583,22,198.0,5,77,97,103,110,94,56,41
2020-04-07,556,25,194.0,2,83,106,94,84,80,55,52
2020-04-08,704,36,173.0,11,86,100,107,154,129,69,48
2020-04-09,574,25,151.0,9,83,101,103,129,74,40,35
2020-04-10,570,32,154.0,22,79,101,99,107,85,42,35
2020-04-11,397,33,140.0,7,53,71,65,83,54,38,26
2020-04-12,341,33,136.0,28,32,56,54,60,46,34,31
2020-04-13,694,32,152.0,10,99,115,127,160,91,53,39
2020-04-14,666,33,166.0,16,102,121,122,126,78,51,50
2020-04-15,630,31,148.0,21,91,107,111,124,86,46,44
2020-04-16,677,31,151.0,8,118,113,119,121,94,63,41
2020-04-17,774,43,148.0,16,128,126,142,144,118,49,51
2020-04-18,534,39,160.0,13,89,101,95,90,81,44,21
2020-04-19,459,35,156.0,7,66,60,66,75,75,50,60
2020-04-20,990,40,178.0,24,158,181,213,193,122,58,41
2020-04-21,873,36,171.0,20,147,164,160,153,109,56,64
2020-04-22,1053,45,147.0,33,168,168,168,206,150,65,95
2020-04-23,1466,36,167.0,32,192,206,223,239,246,161,167
2020-04-24,1074,54,162.0,30,177,172,186,188,158,74,89
2020-04-25,638,38,115.0,32,122,120,135,107,67,31,24
2020-04-26,434,51,128.0,12,83,55,96,67,57,32,32
2020-04-27,1157,35,168.0,42,234,201,231,207,125,53,64
2020-04-28,1321,56,175.0,68,247,231,252,247,155,69,52
2020-04-29,1151,44,158.0,54,208,230,219,201,118,62,59
2020-04-30,1274,40,166.0,57,230,221,230,189,150,95,102
2020-05-01,1173,39,139.0,59,224,221,204,195,134,68,68
2020-05-02,719,49,166.0,25,142,126,154,143,74,40,15
2020-05-03,464,45,134.0,10,95,78,76,81,66,31,27
2020-05-04,1121,48,127.0,57,217,224,244,177,109,53,40
2020-05-05,1091,58,155.0,53,206,206,217,207,125,50,27
2020-05-06,968,44,132.0,55,187,159,213,170,93,53,38
2020-05-07,939,49,140.0,58,178,195,172,147,116,40,33
2020-05-08,921,43,98.0,52,168,191,196,154,82,44,34
2020-05-09,520,53,100.0,33,104,100,98,90,54,28,13
2020-05-10,306,38,98.0,17,59,52,64,42,41,14,17
2020-05-11,1017,38,129.0,62,206,197,192,142,118,69,31
2020-05-12,940,46,123.0,64,176,177,181,163,92,49,38
2020-05-13,877,45,125.0,56,189,165,164,135,96,40,32
2020-05-14,778,45,131.0,49,167,150,133,110,95,43,31
2020-05-15,968,49,109.0,80,186,200,165,136,101,64,36
2020-05-16,514,28,102.0,35,106,87,93,77,59,35,22
2020-05-17,326,41,97.0,17,53,58,37,65,44,22,30
2020-05-18,943,33,112.0,67,235,151,190,148,83,46,23
2020-05-19,888,27,97.0,78,211,170,148,129,85,39,28
2020-05-20,771,29,93.0,58,210,132,138,107,72,36,18
2020-05-21,798,34,107.0,75,174,137,119,122,78,50,43
2020-05-22,724,36,91.0,64,154,135,125,112,74,35,25
2020-05-23,328,30,91.0,31,63,58,54,54,35,19,14
2020-05-24,278,27,92.0,16,55,42,47,33,47,22,16
2020-05-25,252,23,78.0,7,34,35,41,43,49,26,17
2020-05-26,749,23,77.0,61,158,127,137,128,76,40,22
2020-05-27,614,26,65.0,70,124,101,116,83,66,32,22
2020-05-28,521,22,70.0,41,110,90,98,69,60,27,26
2020-05-29,458,20,50.0,33,113,70,85,75,42,18,22
2020-05-30,237,21,55.0,22,54,41,42,41,23,9,5
2020-05-31,121,22,40.0,16,28,20,22,12,13,5,5
2020-06-01,233,20,63.0,21,50,35,32,35,17,17,26
2020-06-02,247,25,48.0,14,35,45,44,31,34,18,26
2020-06-03,280,21,50.0,23,61,47,41,44,32,18,14
2020-06-04,319,15,30.0,27,91,63,54,40,26,10,8
2020-06-05,337,17,41.0,33,75,70,50,51,30,18,10
2020-06-06,170,20,38.0,18,33,22,36,28,20,9,4
2020-06-07,110,20,31.0,3,29,30,16,13,8,7,4
2020-06-08,273,15,42.0,21,63,48,49,40,24,15,13
2020-06-09,254,23,36.0,19,50,33,46,44,38,14,10
2020-06-10,232,12,29.0,10,57,45,31,36,26,18,9
2020-06-11,201,10,28.0,19,62,27,28,33,19,9,4
2020-06-12,248,21,24.0,32,61,42,46,27,21,8,11
2020-06-13,120,18,23.0,13,25,19,14,22,14,7,6
2020-06-14,92,12,28.0,6,22,18,20,14,6,2,4
2020-06-15,235,20,31.0,36,57,42,34,30,25,9,2
2020-06-16,210,11,24.0,18,58,37,32,32,21,3,9
2020-06-17,219,21,28.0,18,57,33,32,30,23,13,13
2020-06-18,184,14,29.0,24,43,34,30,29,9,5,10
2020-06-19,219,15,37.0,28,68,38,29,24,16,9,7
2020-06-20,125,10,20.0,18,32,18,21,19,5,9,3
2020-06-21,48,11,16.0,4,16,11,3,7,2,4,1
2020-06-22,218,9,31.0,23,60,34,38,26,19,15,3
2020-06-23,234,9,26.0,12,72,43,37,27,17,16,10
2020-06-24,245,9,26.0,22,77,56,28,34,11,9,8
2020-06-25,249,11,22.0,22,70,65,36,21,20,11,4
2020-06-26,219,13,29.0,18,60,49,29,26,17,11,9
2020-06-27,130,5,13.0,11,41,21,23,14,10,7,3
2020-06-28,110,5,27.0,8,36,22,20,10,9,3,2
2020-06-29,279,7,31.0,22,89,55,36,40,17,9,11
2020-06-30,264,3,26.0,25,91,59,39,24,15,5,6
2020-07-01,266,13,22.0,17,98,51,32,27,25,6,10
2020-07-02,256,6,25.0,25,80,44,39,28,22,10,8
2020-07-03,174,5,28.0,14,52,36,25,18,16,9,4
2020-07-04,63,5,14.0,8,16,10,13,6,7,2,1
2020-07-05,90,3,16.0,7,29,19,14,11,8,2,0
2020-07-06,282,5,29.0,23,79,66,41,35,21,11,6
2020-07-07,341,4,25.0,35,107,69,55,44,19,8,4
2020-07-08,306,4,28.0,37,99,67,37,33,20,11,2
2020-07-09,288,8,29.0,27,93,58,41,34,23,7,5
2020-07-10,344,6,28.0,35,120,73,51,24,18,18,5
2020-07-11,154,2,19.0,8,68,23,22,13,12,8,0
2020-07-12,97,4,15.0,7,33,15,19,11,3,7,2
2020-07-13,337,4,29.0,36,99,69,45,35,31,7,15
2020-07-14,324,3,22.0,46,83,69,48,38,23,15,2
2020-07-15,268,7,24.0,30,84,51,33,34,18,12,6
2020-07-16,298,2,28.0,27,88,67,44,31,22,10,9
2020-07-17,324,3,26.0,35,101,66,48,35,21,13,5
2020-07-18,132,4,14.0,13,37,25,21,19,9,5,3
2020-07-19,100,2,22.0,14,27,23,9,14,6,6,1
2020-07-20,394,5,24.0,53,95,90,55,47,36,14,4
2020-07-21,289,1,31.0,24,82,57,55,31,23,8,9
2020-07-22,364,4,33.0,39,122,82,56,28,22,13,2
2020-07-23,318,3,29.0,33,100,68,43,36,17,12,9
2020-07-24,346,3,25.0,38,102,77,47,39,21,11,11
2020-07-25,155,8,22.0,29,33,33,25,16,7,9,3
2020-07-26,96,6,18.0,7,24,25,10,16,8,4,2
2020-07-27,362,1,19.0,51,102,66,50,40,30,14,9
2020-07-28,332,3,18.0,36,87,75,66,33,19,9,7
2020-07-29,446,3,19.0,56,131,94,68,51,28,12,6
2020-07-30,339,3,17.0,49,78,79,48,49,25,7,4
2020-07-31,392,2,23.0,46,112,82,64,42,31,8,7
2020-08-01,141,5,22.0,7,45,27,17,25,11,6,3
2020-08-02,95,3,21.0,11,21,29,10,6,11,6,1
2020-08-03,428,3,28.0,52,128,88,68,47,24,14,7
2020-08-04,369,2,32.0,50,105,69,53,39,33,16,4
2020-08-05,378,4,20.0,44,114,83,54,33,32,14,4
2020-08-06,349,4,20.0,38,113,73,52,31,22,11,9
2020-08-07,417,2,24.0,65,108,83,54,48,35,14,10
2020-08-08,177,3,16.0,22,56,27,32,18,14,3,5
2020-08-09,115,2,17.0,16,41,21,12,6,9,6,4
2020-08-10,376,1,28.0,41,107,68,63,49,24,19,5
2020-08-11,386,4,22.0,48,103,74,66,48,37,7,3
2020-08-12,432,2,28.0,51,116,93,73,53,29,10,7
2020-08-13,390,4,24.0,39,118,78,72,40,24,11,8
2020-08-14,347,3,26.0,54,86,64,59,40,26,10,8
2020-08-15,221,5,21.0,18,65,41,30,34,20,11,2
2020-08-16,120,3,18.0,10,40,28,9,15,10,6,1
2020-08-17,489,3,26.0,68,141,83,72,63,29,23,10
2020-08-18,411,1,25.0,50,130,79,59,46,22,21,4
2020-08-19,485,5,22.0,58,150,90,57,71,39,13,7
2020-08-20,422,3,23.0,48,120,85,64,58,33,10,4
2020-08-21,430,5,19.0,60,139,88,46,54,29,11,3
2020-08-22,191,2,17.0,18,59,32,28,26,16,10,2
2020-08-23,130,1,25.0,10,43,17,23,15,12,8,2
2020-08-24,554,3,24.0,91,134,111,96,66,31,18,7
2020-08-25,412,4,26.0,52,121,75,68,50,27,9,9
2020-08-26,388,3,33.0,48,126,82,44,44,23,12,9
2020-08-27,382,2,24.0,40,131,75,59,32,24,13,8
2020-08-28,383,4,26.0,66,109,62,50,47,29,15,5
2020-08-29,233,4,24.0,24,72,37,41,25,22,12,0
2020-08-30,100,5,22.0,12,24,16,18,14,8,4,4
2020-08-31,413,2,29.0,58,121,72,60,49,29,15,9
2020-09-01,330,3,17.0,34,97,70,38,45,32,8,6
2020-09-02,405,3,18.0,42,127,81,67,45,25,12,6
2020-09-03,341,3,25.0,36,103,60,51,49,23,13,6
2020-09-04,395,2,21.0,61,102,82,53,38,33,16,10
2020-09-05,203,3,21.0,23,61,40,34,21,17,6,1
2020-09-06,143,2,11.0,16,44,30,17,18,10,3,5
2020-09-07,72,1,17.0,4,19,17,5,10,11,3,3
2020-09-08,369,1,21.0,36,120,80,55,40,23,10,5
2020-09-09,400,5,20.0,41,132,74,54,46,37,11,5
2020-09-10,329,2,19.0,23,121,69,44,36,27,5,4
2020-09-11,342,5,18.0,51,93,83,40,37,21,14,3
2020-09-12,136,0,11.0,11,31,34,25,18,11,5,1
2020-09-13,123,3,26.0,12,37,30,19,13,9,3,0
2020-09-14,430,3,19.0,62,108,91,66,59,27,9,8
2020-09-15,352,1,21.0,54,100,67,47,42,26,13,3
2020-09-16,365,4,32.0,47,120,78,48,34,25,10,3
2020-09-17,391,0,25.0,38,122,88,53,40,30,11,9
2020-09-18,356,4,19.0,41,101,74,44,45,34,8,9
2020-09-19,170,2,18.0,11,49,41,23,24,16,2,4
2020-09-20,108,6,17.0,14,31,28,13,9,5,7,1
2020-09-21,420,2,24.0,51,123,85,56,46,34,18,7
2020-09-22,350,3,26.0,43,108,70,52,35,20,12,10
2020-09-23,391,6,25.0,49,118,89,59,38,27,6,5
2020-09-24,406,5,21.0,51,121,87,61,44,27,9,6
2020-09-25,379,3,34.0,44,101,78,66,46,26,12,6
2020-09-26,233,4,20.0,26,66,50,32,40,11,7,1
2020-09-27,167,1,29.0,15,52,32,24,21,11,9,3
2020-09-28,419,2,29.0,56,101,76,69,53,39,14,11
2020-09-29,381,6,25.0,47,105,72,65,45,26,17,4
2020-09-30,462,2,22.0,47,140,95,53,65,35,17,10
2020-10-01,364,4,25.0,50,123,69,41,49,15,15,2
2020-10-02,415,4,25.0,46,107,98,60,40,23,30,11
2020-10-03,227,3,30.0,26,57,46,35,28,20,9,6
2020-10-04,152,5,22.0,19,34,26,20,25,13,12,3
2020-10-05,553,3,20.0,54,157,116,96,66,38,22,4
2020-10-06,558,2,28.0,61,176,105,93,70,32,16,5
2020-10-07,548,1,23.0,59,163,117,85,63,34,18,9
2020-10-08,612,3,26.0,82,181,116,68,83,55,19,8
2020-10-09,668,4,29.0,67,172,168,100,69,52,27,13
2020-10-10,442,5,30.0,40,115,107,67,59,35,9,10
2020-10-11,300,4,30.0,22,93,59,43,37,30,9,7
2020-10-12,681,4,37.0,69,180,119,122,91,59,31,10
2020-10-13,876,5,29.0,89,249,195,134,108,58,24,19
2020-10-14,850,3,26.0,75,246,215,135,89,63,19,8
2020-10-15,907,2,34.0,86,266,213,112,115,72,28,15
2020-10-16,953,3,37.0,113,243,182,158,134,73,35,15
2020-10-17,547,5,44.0,70,139,115,95,58,45,15,10
2020-10-18,347,1,46.0,30,84,90,58,43,21,16,5
2020-10-19,1165,3,49.0,151,274,250,162,169,96,43,20
2020-10-20,1196,5,51.0,159,309,230,199,141,88,48,22
2020-10-21,1180,6,58.0,116,380,246,176,130,84,32,16
2020-10-22,1307,4,63.0,146,331,308,214,137,92,53,26
2020-10-23,1016,4,61.0,126,251,188,173,134,90,37,16
2020-10-24,883,5,60.0,109,224,196,140,105,59,37,13
2020-10-25,525,10,43.0,66,139,124,63,66,39,18,10
2020-10-26,1539,8,76.0,192,403,303,257,180,117,66,21
2020-10-27,1627,4,83.0,202,452,342,251,179,117,53,31
2020-10-28,1736,9,87.0,213,461,402,288,192,109,50,21
2020-10-29,1887,4,87.0,216,543,405,300,194,131,60,38
2020-10-30,1871,4,82.0,233,474,384,289,240,151,65,35
2020-10-31,1066,10,82.0,136,272,222,169,130,86,39,12
2020-11-01,733,6,73.0,77,184,151,114,96,53,36,22
2020-11-02,2323,15,104.0,271,555,507,372,311,186,75,46
2020-11-03,2140,13,107.0,262,554,448,350,265,153,65,43
2020-11-04,2512,8,96.0,302,707,563,365,289,173,84,29
2020-11-05,2637,6,110.0,289,763,579,388,312,186,70,50
2020-11-06,2789,10,121.0,342,799,572,410,336,217,71,42
2020-11-07,1568,14,113.0,181,392,337,265,187,113,54,39
2020-11-08,1105,11,109.0,123,269,236,177,142,87,44,27
2020-11-09,3227,14,137.0,386,830,617,529,430,252,118,65
2020-11-10,3352,14,139.0,397,815,690,546,436,287,126,55
2020-11-11,2489,9,128.0,267,682,514,360,321,212,79,54
2020-11-12,2927,18,112.0,329,741,571,495,383,255,114,39
2020-11-13,2691,19,118.0,333,649,537,402,344,244,122,60
2020-11-14,1400,16,104.0,168,320,277,239,173,126,76,21
2020-11-15,833,13,122.0,85,191,160,139,110,84,35,28
2020-11-16,2556,26,151.0,316,599,485,457,339,203,96,61
2020-11-17,2462,21,142.0,266,586,490,390,344,227,104,55
2020-11-18,2326,17,117.0,290,567,452,387,295,196,98,41
2020-11-19,2167,17,116.0,250,524,458,358,278,187,83,29
2020-11-20,2300,32,125.0,328,528,432,371,267,192,109,73
2020-11-21,1264,18,96.0,160,294,248,194,161,116,60,31
2020-11-22,780,15,98.0,62,200,159,141,88,76,34,20
2020-11-23,2374,19,127.0,274,542,492,360,351,201,99,55
2020-11-24,1923,17,121.0,239,443,366,324,251,161,84,54
2020-11-25,1833,18,108.0,260,430,354,257,237,165,85,45
2020-11-26,265,23,102.0,22,48,36,39,34,35,31,19
2020-11-27,1255,23,133.0,131,257,221,206,179,138,76,47
2020-11-28,1373,17,115.0,158,326,257,218,200,129,55,30
2020-11-29,898,18,91.0,105,215,191,130,115,78,41,23
2020-11-30,2389,23,121.0,282,556,500,371,319,199,98,64
2020-12-01,2187,36,128.0,270,511,425,342,271,201,108,59
2020-12-02,2049,36,106.0,214,514,409,304,299,182,77,50
2020-12-03,2070,30,116.0,235,520,406,317,308,157,80,47
2020-12-04,1856,32,104.0,240,409,341,306,272,158,85,45
2020-12-05,1203,13,84.0,165,270,216,170,185,118,51,28
2020-12-06,708,28,90.0,72,160,128,111,99,72,48,18
2020-12-07,2065,35,104.0,274,472,398,328,284,170,92,47
2020-12-08,2053,35,83.0,272,456,394,319,301,165,96,50
2020-12-09,1757,28,110.0,194,433,333,292,220,178,75,32
2020-12-10,1703,19,113.0,227,364,328,281,230,161,64,48
2020-12-11,1670,28,108.0,235,380,311,266,225,136,79,38
2020-12-12,915,21,79.0,110,215,178,135,124,90,45,18
2020-12-13,609,23,67.0,53,129,128,93,84,59,37,26
2020-12-14,1460,21,103.0,159,330,298,213,201,129,81,49
2020-12-15,1613,22,84.0,214,361,270,259,242,156,67,44
2020-12-16,1384,25,81.0,175,323,252,219,204,109,55,47
2020-12-17,1348,24,88.0,169,327,255,197,183,123,50,43
2020-12-18,1300,19,80.0,167,289,251,205,169,120,59,40
2020-12-19,853,24,79.0,96,171,162,160,119,76,40,29
2020-12-20,581,30,68.0,62,139,116,94,70,48,31,21
2020-12-21,1463,26,94.0,172,299,270,272,192,115,84,59
2020-12-22,1338,17,80.0,178,301,250,195,163,151,64,36
2020-12-23,1223,21,90.0,140,289,222,193,166,119,62,32
2020-12-24,619,21,48.0,69,128,128,83,84,66,32,29
2020-12-25,160,21,67.0,8,33,24,20,16,21,17,21
2020-12-26,955,19,78.0,94,234,179,155,140,89,41,23
2020-12-27,612,24,90.0,49,139,114,84,94,69,37,26
2020-12-28,1665,18,79.0,202,367,360,217,243,170,66,40
2020-12-29,1713,21,65.0,218,390,355,259,222,150,72,47
2020-12-30,1444,24,60.0,191,369,274,198,200,138,52,22
2020-12-31,970,22,69.0,89,250,199,141,119,79,56,37
2021-01-01,266,20,73.0,28,60,49,37,34,19,21,18
2021-01-02,1114,21,65.0,126,277,209,191,146,87,51,27
2021-01-03,659,20,66.0,74,183,132,82,77,62,31,18
2021-01-04,1878,10,87.0,230,475,388,304,226,137,71,47
2021-01-05,1603,16,87.0,170,470,299,242,184,135,65,37
2021-01-06,1454,13,62.0,190,415,296,205,154,107,63,24
2021-01-07,1381,17,90.0,166,367,277,187,157,147,50,30
2021-01-08,1204,18,51.0,159,327,215,167,152,109,48,27
2021-01-09,781,17,56.0,97,217,142,101,106,70,34,13
2021-01-10,495,18,62.0,62,121,93,77,64,40,23,15
2021-01-11,1355,16,87.0,187,334,267,211,172,104,48,32
2021-01-12,1089,12,55.0,139,288,191,150,132,105,50,34
2021-01-13,1109,18,62.0,147,274,223,146,143,95,48,33
2021-01-14,1053,15,60.0,135,221,232,175,127,93,46,24
2021-01-15,1022,12,54.0,126,264,194,174,115,79,48,22
2021-01-16,624,15,63.0,84,141,104,111,82,63,28,10
2021-01-17,392,15,52.0,40,74,74,61,68,31,26,18
2021-01-18,715,14,66.0,85,143,163,107,80,82,33,22
2021-01-19,1083,19,69.0,141,264,205,168,124,91,58,32
2021-01-20,788,12,58.0,107,212,155,117,91,59,31,16
2021-01-21,818,10,61.0,97,192,160,121,118,76,36,18
2021-01-22,736,12,48.0,102,172,144,116,97,61,30,14
2021-01-23,588,9,55.0,71,120,135,86,80,53,30,13
2021-01-24,338,16,47.0,34,81,71,46,43,30,23,10
2021-01-25,856,11,65.0,102,198,171,130,106,97,32,20
2021-01-26,644,12,53.0,77,156,122,114,88,46,29,12
2021-01-27,657,14,47.0,75,146,131,102,92,61,33,17
2021-01-28,607,10,46.0,82,143,107,95,80,54,29,17
2021-01-29,592,16,44.0,90,143,100,95,72,57,25,10
2021-01-30,419,12,34.0,76,84,78,52,54,44,20,11
2021-01-31,171,17,38.0,13,37,32,33,23,18,9,6
2021-02-01,608,9,39.0,79,150,114,95,88,44,22,16
2021-02-02,647,6,47.0,68,159,124,103,84,64,26,19
2021-02-03,571,7,38.0,83,143,100,75,63,65,26,16
2021-02-04,538,9,52.0,68,138,122,68,64,45,21,12
2021-02-05,403,8,48.0,49,101,73,52,54,36,22,16
2021-02-06,263,13,29.0,29,53,57,37,43,26,11,7
2021-02-07,212,8,40.0,23,48,46,30,31,14,13,7
2021-02-08,385,13,48.0,47,74,67,60,54,44,18,21
2021-02-09,412,8,33.0,49,111,75,60,51,39,13,14
2021-02-10,366,11,49.0,51,101,69,42,44,28,18,13
2021-02-11,437,10,39.0,64,101,82,58,61,44,19,8
2021-02-12,357,13,31.0,42,105,68,48,26,40,20,8
2021-02-13,222,8,22.0,23,61,41,36,29,20,7,5
2021-02-14,143,9,23.0,22,38,29,19,17,4,12,2
2021-02-15,258,7,21.0,35,63,59,35,29,21,13,3
2021-02-16,213,5,33.0,24,65,30,43,22,17,8,4
2021-02-17,384,8,31.0,35,119,70,70,47,23,10,10
2021-02-18,315,6,33.0,36,98,52,50,42,25,10,2
2021-02-19,318,8,32.0,46,83,63,41,42,13,16,14
2021-02-20,213,9,18.0,35,57,30,29,33,13,8,8
2021-02-21,158,9,25.0,16,42,31,27,23,10,5,4
2021-02-22,386,8,29.0,51,90,84,56,54,32,11,8
2021-02-23,311,12,16.0,31,88,63,37,48,25,12,7
2021-02-24,337,4,36.0,38,79,65,53,48,29,12,13
2021-02-25,282,8,20.0,33,69,60,53,19,26,17,5
2021-02-26,357,6,22.0,66,98,58,58,29,32,10,6
2021-02-27,177,7,18.0,31,39,32,21,24,14,9,7
2021-02-28,149,4,17.0,16,34,34,22,17,19,5,2
2021-03-01,312,2,26.0,47,81,53,45,32,34,9,11
2021-03-02,329,7,30.0,46,104,62,44,31,25,11,6
2021-03-03,336,5,24.0,46,90,72,56,29,25,14,4
2021-03-04,288,8,26.0,42,82,60,39,24,23,11,7
2021-03-05,291,6,22.0,47,77,63,38,29,24,8,5
2021-03-06,220,2,30.0,30,56,50,26,21,22,8,7
2021-03-07,174,4,15.0,16,42,39,33,25,11,5,3
2021-03-08,327,5,22.0,53,103,61,35,32,31,8,4
2021-03-09,332,5,22.0,42,109,61,37,40,19,12,12
2021-03-10,336,10,17.0,52,101,67,42,41,21,7,5
2021-03-11,354,1,29.0,41,106,82,49,36,27,5,8
2021-03-12,349,9,14.0,52,93,79,49,46,18,6,6
2021-03-13,257,2,16.0,28,66,62,42,32,20,4,3
2021-03-14,180,4,18.0,24,53,36,31,17,14,5,0
2021-03-15,368,6,32.0,43,109,69,63,30,34,12,8
2021-03-16,451,3,28.0,85,132,99,51,41,23,18,2
2021-03-17,483,9,28.0,46,165,105,70,49,35,9,4
2021-03-18,423,3,36.0,55,168,78,53,39,22,3,5
2021-03-19,440,2,30.0,64,145,105,49,37,21,13,6
2021-03-20,277,6,27.0,31,90,67,37,24,18,5,5
2021-03-21,221,4,48.0,28,69,44,27,24,17,8,4
2021-03-22,547,1,30.0,58,166,114,82,77,33,13,4
2021-03-23,566,5,41.0,65,192,124,74,66,28,11,6
2021-03-24,682,6,32.0,63,250,168,79,71,32,12,7
2021-03-25,675,3,36.0,75,243,160,82,58,35,17,5
2021-03-26,600,6,37.0,75,217,133,68,56,34,6,11
2021-03-27,410,4,32.0,61,108,94,55,45,34,9,4
2021-03-28,355,7,42.0,30,120,74,51,41,25,8,6
2021-03-29,731,3,40.0,96,239,136,94,91,47,18,10
2021-03-30,736,3,42.0,92,258,145,90,77,57,12,5
2021-03-31,717,4,47.0,85,226,160,89,92,33,18,14
2021-04-01,722,2,44.0,89,236,166,88,71,42,26,4
2021-04-02,675,3,55.0,83,202,139,107,81,39,17,7
2021-04-03,469,9,46.0,61,130,113,69,51,27,12,6
2021-04-04,307,5,41.0,45,70,68,60,35,16,8,5
2021-04-05,947,6,49.0,179,235,212,151,96,46,20,8
2021-04-06,858,4,68.0,134,234,185,126,90,56,18,15
2021-04-07,838,3,58.0,136,248,186,112,80,45,15,16
2021-04-08,860,6,65.0,146,243,191,124,86,52,11,7
2021-04-09,769,5,59.0,137,221,149,112,73,52,17,8
2021-04-10,557,8,50.0,88,150,112,91,65,28,15,8
2021-04-11,363,5,53.0,70,82,76,61,30,28,12,4
2021-04-12,864,5,58.0,138,204,186,144,94,60,29,9
2021-04-13,677,4,51.0,81,200,140,112,89,30,13,12
2021-04-14,772,9,47.0,143,215,175,115,61,37,11,15
2021-04-15,638,9,64.0,143,161,137,82,51,37,17,10
2021-04-16,656,6,59.0,109,188,126,94,67,47,13,12
2021-04-17,438,6,63.0,70,98,96,78,46,24,14,12
2021-04-18,316,7,54.0,44,71,78,45,44,18,9,7
2021-04-19,659,7,53.0,120,161,140,122,72,33,9,2
2021-04-20,564,5,53.0,87,170,120,78,66,17,14,12
2021-04-21,655,8,71.0,110,161,134,105,62,44,19,20
2021-04-22,579,4,72.0,107,151,128,79,56,34,15,9
2021-04-23,531,7,50.0,93,129,99,82,62,40,16,10
2021-04-24,409,10,47.0,75,83,95,62,49,28,12,5
2021-04-25,275,11,52.0,40,70,71,28,36,21,8,1
2021-04-26,647,6,61.0,119,153,142,95,91,31,10,6
2021-04-27,564,5,54.0,101,142,113,79,63,41,14,11
2021-04-28,572,5,49.0,85,144,130,94,68,28,13,10
2021-04-29,531,7,47.0,111,118,108,71,64,34,13,12
2021-04-30,550,9,52.0,124,118,102,66,62,48,19,11
2021-05-01,352,4,59.0,63,71,67,58,41,36,11,5
2021-05-02,230,14,49.0,32,46,55,24,28,29,11,5
2021-05-03,548,6,64.0,87,112,124,74,84,42,20,5
2021-05-04,465,6,53.0,79,125,80,84,39,31,14,13
2021-05-05,483,6,46.0,97,130,82,75,59,24,7,9
2021-05-06,399,9,55.0,64,100,83,48,46,38,13,7
2021-05-07,365,11,38.0,68,91,69,63,41,17,9,7
2021-05-08,271,8,42.0,47,74,58,38,28,14,5,7
2021-05-09,166,9,49.0,28,28,37,21,20,15,10,7
2021-05-10,399,6,43.0,103,66,72,67,50,29,7,5
2021-05-11,309,9,36.0,60,65,69,41,34,30,5,5
2021-05-12,341,6,36.0,68,74,71,44,43,20,19,2
2021-05-13,315,8,45.0,64,69,49,56,38,31,5,3
2021-05-14,289,6,35.0,66,69,55,34,28,26,7,4
2021-05-15,177,7,44.0,38,38,33,19,27,12,6,4
2021-05-16,154,9,34.0,23,34,29,22,17,14,8,7
2021-05-17,346,7,50.0,58,84,74,44,38,33,8,7
2021-05-18,286,5,33.0,69,61,47,37,37,19,8,8
2021-05-19,278,7,43.0,45,70,64,25,30,33,7,4
2021-05-20,248,4,41.0,49,47,54,35,27,22,13,1
2021-05-21,245,6,30.0,53,49,44,36,33,18,6,6
2021-05-22,130,5,37.0,27,37,15,13,19,10,8,1
2021-05-23,95,6,28.0,15,24,18,12,8,6,4,8
2021-05-24,217,4,33.0,39,49,41,33,25,16,10,4
2021-05-25,128,3,25.0,15,30,24,20,18,14,5,2
2021-05-26,171,6,32.0,31,44,24,22,24,11,9,6
2021-05-27,121,6,19.0,18,32,22,15,10,15,6,3
2021-05-28,139,4,22.0,31,33,18,22,17,8,6,4
2021-05-29,89,7,23.0,17,16,17,15,15,7,1,1
2021-05-30,52,7,11.0,7,15,11,6,6,7,0,0
2021-05-31,45,2,18.0,4,8,10,8,4,5,2,4
2021-06-01,128,5,23.0,29,23,25,26,16,5,4,0
2021-06-02,100,7,16.0,19,27,15,6,19,8,5,1
2021-06-03,95,7,16.0,20,20,19,13,10,6,6,1
2021-06-04,75,6,16.0,18,18,8,10,7,9,3,2
2021-06-05,62,6,10.0,14,13,9,7,8,7,2,2
2021-06-06,58,7,15.0,10,19,8,7,5,5,3,1
2021-06-07,102,9,16.0,20,20,11,19,14,10,6,2
2021-06-08,74,4,14.0,21,17,12,8,6,7,2,1
2021-06-09,64,5,8.0,11,14,7,12,10,4,3,3
2021-06-10,39,2,17.0,7,6,8,6,2,7,1,2
2021-06-11,39,2,14.0,6,12,6,6,2,3,3,1
2021-06-12,46,5,8.0,5,13,13,3,7,1,2,2
2021-06-13,28,5,5.0,5,3,10,4,3,2,1,0
2021-06-14,67,3,9.0,10,14,22,7,9,4,1,0
2021-06-15,52,3,4.0,10,8,10,11,8,2,2,1
2021-06-16,36,1,5.0,6,10,10,7,0,1,2,0
2021-06-17,35,2,6.0,7,7,10,3,3,4,1,0
2021-06-18,35,2,10.0,2,10,6,6,6,2,1,2
2021-06-19,30,2,4.0,6,11,5,1,2,1,4,0
2021-06-20,27,1,5.0,6,6,4,4,2,5,0,0
2021-06-21,46,3,9.0,11,11,9,7,1,5,2,0
2021-06-22,32,3,3.0,3,7,8,3,5,5,0,1
2021-06-23,47,0,6.0,7,10,11,9,6,2,0,2
2021-06-24,45,0,10.0,7,15,10,7,4,0,1,1
2021-06-25,35,3,4.0,7,6,6,9,2,5,0,0
2021-06-26,20,0,4.0,3,4,8,3,0,2,0,0
2021-06-27,15,1,1.0,4,2,4,1,0,1,3,0
2021-06-28,50,2,11.0,12,9,9,9,5,3,3,0
2021-06-29,56,2,5.0,16,11,13,9,1,3,3,0
2021-06-30,51,0,6.0,11,12,10,9,3,3,3,0
2021-07-01,32,2,5.0,5,11,8,5,1,2,0,0
2021-07-02,54,1,6.0,5,11,10,12,6,7,3,0
2021-07-03,48,0,6.0,6,12,16,7,5,1,0,1
2021-07-04,18,1,5.0,6,2,6,1,0,0,2,1
2021-07-05,58,2,7.0,11,15,14,7,5,3,2,1
2021-07-06,75,2,7.0,22,17,13,6,8,6,2,1
2021-07-07,73,2,7.0,17,18,16,13,4,3,2,0
2021-07-08,76,0,5.0,13,30,16,5,6,3,3,0
2021-07-09,82,1,7.0,13,20,25,12,5,4,2,1
2021-07-10,49,0,5.0,7,12,16,8,2,1,3,0
2021-07-11,69,2,7.0,18,13,15,8,11,1,3,0
2021-07-12,103,0,9.0,11,33,23,13,10,6,6,1
2021-07-13,103,2,12.0,15,22,32,10,10,6,6,2
2021-07-14,139,2,7.0,24,44,32,15,13,9,1,1
2021-07-15,133,0,7.0,15,45,28,21,13,8,3,0
2021-07-16,155,1,9.0,23,42,48,14,18,6,3,1
2021-07-17,120,0,8.0,20,37,28,18,8,2,4,3
2021-07-18,92,0,7.0,12,27,20,12,8,7,4,2
2021-07-19,203,1,17.0,34,65,51,24,21,4,3,1
2021-07-20,187,3,10.0,32,47,50,27,17,7,5,2
2021-07-21,217,0,11.0,38,60,52,26,24,9,4,4
2021-07-22,224,1,13.0,37,65,53,21,24,12,10,2
2021-07-23,243,3,17.0,42,60,67,29,19,14,8,4
2021-07-24,197,0,15.0,45,54,35,16,24,14,5,4
2021-07-25,141,3,13.0,19,43,34,18,13,6,6,2
2021-07-26,326,2,25.0,61,91,77,34,33,19,6,5
2021-07-27,302,1,19.0,38,85,83,44,28,12,7,5
2021-07-28,348,3,28.0,41,107,92,50,35,11,10,2
2021-07-29,323,1,17.0,49,89,90,48,28,12,7,0
2021-07-30,355,2,17.0,51,111,68,49,48,15,9,4
2021-07-31,268,5,29.0,34,73,62,39,22,19,11,8
2021-08-01,215,3,18.0,26,54,51,28,25,22,7,2
2021-08-02,474,3,22.0,65,138,114,74,40,27,12,4
2021-08-03,442,1,13.0,58,140,103,53,38,34,11,5
2021-08-04,496,3,32.0,69,142,120,77,41,22,18,7
2021-08-05,479,2,30.0,76,149,130,56,34,21,8,5
2021-08-06,466,5,27.0,67,136,125,51,42,26,15,4
2021-08-07,318,2,27.0,46,79,81,42,35,21,10,4
2021-08-08,274,2,29.0,42,77,56,39,23,16,15,6
2021-08-09,506,4,34.0,95,141,108,69,40,27,20,6
2021-08-10,531,4,39.0,65,157,140,74,41,25,18,11
2021-08-11,600,2,20.0,86,154,174,74,53,28,24,7
2021-08-12,592,2,29.0,60,173,180,79,49,26,19,6
2021-08-13,626,3,35.0,97,173,154,80,58,39,15,10
2021-08-14,405,6,46.0,77,102,100,49,33,29,12,3
2021-08-15,287,5,31.0,49,61,80,34,30,20,8,5
2021-08-16,587,3,26.0,61,148,149,104,60,46,13,6
2021-08-17,558,3,38.0,80,156,128,78,57,36,15,8
2021-08-18,555,3,26.0,75,152,122,80,59,39,20,8
2021-08-19,546,5,30.0,83,134,157,84,39,25,17,7
2021-08-20,564,3,32.0,88,143,133,79,51,36,23,11
2021-08-21,372,1,47.0,48,91,87,67,43,24,9,3
2021-08-22,284,7,33.0,45,65,61,52,33,16,6,6
2021-08-23,644,2,54.0,124,141,141,80,66,54,26,12
2021-08-24,568,3,37.0,114,158,122,65,45,27,25,11
2021-08-25,605,6,42.0,101,149,138,81,69,32,22,13
2021-08-26,592,3,43.0,99,138,134,77,54,38,35,17
2021-08-27,540,3,38.0,95,151,108,71,52,38,14,11
2021-08-28,359,3,28.0,80,91,62,51,31,25,11,8
2021-08-29,309,2,26.0,66,73,59,49,35,13,9,5
2021-08-30,596,5,41.0,135,123,127,89,61,32,22,7
2021-08-31,529,7,44.0,106,121,102,81,57,32,20,10
2021-09-01,538,5,29.0,99,146,107,72,52,38,12,12
2021-09-02,497,6,40.0,85,139,121,65,44,23,13,7
2021-09-03,511,6,43.0,122,130,95,76,35,24,20,9
2021-09-04,343,5,34.0,69,71,73,51,35,34,7,3
2021-09-05,320,4,28.0,76,71,62,45,42,14,4,6
2021-09-06,279,4,26.0,70,66,53,41,17,21,7,4
2021-09-07,577,3,48.0,119,133,99,86,61,41,23,15
2021-09-08,658,7,44.0,136,180,135,68,62,43,22,12
2021-09-09,514,4,38.0,115,140,104,53,46,33,14,9
2021-09-10,515,5,27.0,106,147,81,71,48,34,19,9
2021-09-11,321,6,32.0,65,71,71,48,29,16,15,6
2021-09-12,266,5,33.0,55,62,52,39,25,18,13,2
2021-09-13,554,7,41.0,129,127,120,64,46,35,24,9
2021-09-14,495,5,38.0,135,110,99,59,49,26,12,5
2021-09-15,518,4,16.0,118,124,109,63,49,39,10,6
2021-09-16,477,7,33.0,94,116,114,56,49,24,21,3
2021-09-17,439,5,40.0,94,92,96,61,41,30,12,13
2021-09-18,309,4,26.0,62,61,69,41,38,23,11,4
2021-09-19,244,2,32.0,55,50,56,34,23,16,2,8
2021-09-20,487,6,33.0,104,118,100,55,42,39,18,11
2021-09-21,468,6,33.0,119,98,82,65,48,30,18,8
2021-09-22,406,7,24.0,81,88,93,63,37,25,10,9
2021-09-23,368,5,30.0,81,85,74,47,30,29,15,7
2021-09-24,353,6,23.0,70,88,81,41,34,24,13,2
2021-09-25,228,3,26.0,45,50,43,31,22,23,8,6
2021-09-26,207,9,23.0,40,45,49,25,16,11,15,6
2021-09-27,475,6,36.0,121,101,90,47,56,40,10,10
2021-09-28,384,4,21.0,85,84,85,40,39,31,12,8
2021-09-29,413,3,26.0,93,87,102,51,36,25,14,5
2021-09-30,462,7,28.0,116,105,92,48,46,29,19,7
2021-10-01,383,4,30.0,79,94,85,46,35,26,13,5
2021-10-02,237,4,23.0,52,39,48,31,37,19,8,3
2021-10-03,204,4,26.0,46,39,36,24,28,18,9,4
2021-10-04,428,3,23.0,105,83,80,53,48,32,22,5
2021-10-05,383,3,20.0,97,84,79,49,32,21,13,8
2021-10-06,374,5,31.0,87,87,76,42,36,29,10,7
2021-10-07,383,4,18.0,83,86,86,48,36,30,11,3
2021-10-08,310,8,24.0,55,78,59,42,33,25,14,4
2021-10-09,239,4,21.0,51,52,54,31,26,16,7,2
2021-10-10,173,6,25.0,31,38,32,22,21,15,9,5
2021-10-11,320,4,20.0,72,65,64,39,40,21,15,4
2021-10-12,376,6,21.0,95,78,77,52,34,21,15,4
2021-10-13,361,4,24.0,83,87,65,47,34,30,9,6
2021-10-14,361,1,35.0,78,79,77,48,36,28,11,4
2021-10-15,315,1,18.0,88,60,61,31,28,27,10,10
2021-10-16,178,4,24.0,32,39,26,31,18,19,11,2
2021-10-17,200,10,11.0,38,42,49,25,18,12,10,6
2021-10-18,353,1,25.0,95,64,60,57,41,23,7,6
2021-10-19,322,2,19.0,77,60,64,42,30,29,14,6
2021-10-20,322,5,11.0,67,88,52,41,31,27,11,5
2021-10-21,337,5,23.0,84,69,71,40,39,19,14,1
2021-10-22,306,5,15.0,65,51,79,35,37,23,10,6
2021-10-23,221,2,19.0,37,40,57,24,27,21,7,8
2021-10-24,204,4,7.0,49,41,54,23,16,12,6,3
2021-10-25,363,3,34.0,82,78,65,51,36,26,17,8
2021-10-26,343,3,16.0,91,62,70,45,39,24,8,4
2021-10-27,385,3,22.0,99,80,66,53,41,28,11,7
2021-10-28,400,6,23.0,93,77,91,55,45,27,6,6
2021-10-29,370,2,18.0,81,65,72,67,37,29,14,5
2021-10-30,280,2,17.0,57,60,63,29,32,21,12,6
2021-10-31,239,1,23.0,52,37,57,40,19,22,9,3
2021-11-01,436,3,34.0,108,65,96,51,55,37,15,9
2021-11-02,490,4,26.0,131,94,111,54,43,29,18,10
2021-11-03,519,8,31.0,143,96,105,59,55,32,17,12
2021-11-04,495,1,25.0,151,100,110,53,35,28,11,7
2021-11-05,471,3,27.0,111,103,98,71,44,22,12,10
2021-11-06,315,4,18.0,62,61,75,48,31,22,9,7
2021-11-07,305,5,19.0,64,79,73,45,24,12,5,3
2021-11-08,605,5,28.0,176,117,103,93,60,26,18,12
2021-11-09,649,5,28.0,180,129,127,75,60,42,23,13
2021-11-10,592,2,29.0,163,133,119,70,39,39,15,14
2021-11-11,525,4,28.0,116,119,114,59,49,31,18,19
2021-11-12,617,6,34.0,130,103,136,89,80,44,20,15
2021-11-13,386,7,29.0,72,74,88,52,43,30,17,10
2021-11-14,382,4,40.0,97,82,79,51,36,25,6,6
2021-11-15,692,5,35.0,194,121,145,100,66,35,20,11
2021-11-16,742,6,41.0,187,142,153,102,64,38,29,27
2021-11-17,733,2,42.0,151,156,160,96,72,40,27,31
2021-11-18,630,9,36.0,162,121,144,88,56,31,16,12
2021-11-19,683,1,38.0,174,120,149,95,64,48,24,9
2021-11-20,464,3,43.0,82,87,107,73,55,35,17,8
2021-11-21,374,3,28.0,68,91,75,52,43,30,7,8
2021-11-22,781,3,43.0,189,151,155,111,77,55,22,20
2021-11-23,722,4,40.0,172,166,143,84,68,43,22,24
2021-11-24,668,6,55.0,138,148,127,105,59,53,30,8
2021-11-25,188,3,46.0,26,42,43,23,25,15,8,6
2021-11-26,517,13,44.0,82,123,112,59,69,47,13,12
2021-11-27,554,4,33.0,110,117,124,85,52,40,17,9
2021-11-28,493,3,61.0,74,103,109,85,54,39,15,14
2021-11-29,1463,7,76.0,370,282,292,199,179,97,32,12
2021-11-30,1171,2,51.0,272,254,231,151,134,73,35,21
2021-12-01,1215,6,59.0,291,294,222,172,97,73,43,23
2021-12-02,1058,8,63.0,230,245,213,135,116,70,30,19
2021-12-03,920,8,71.0,207,188,170,130,88,79,44,14
2021-12-04,611,4,79.0,124,150,124,68,67,37,21,20
2021-12-05,511,8,63.0,106,96,90,81,60,47,19,12
2021-12-06,1208,6,73.0,323,236,229,176,115,75,25,17
2021-12-07,1156,12,72.0,275,253,223,153,118,78,35,19
2021-12-08,1285,10,61.0,325,307,269,154,118,58,28,26
2021-12-09,1299,8,70.0,283,324,287,171,135,61,26,12
2021-12-10,1207,15,64.0,239,261,284,181,104,81,26,18
2021-12-11,872,10,67.0,167,216,175,129,82,60,33,10
2021-12-12,826,13,63.0,153,241,164,111,86,39,16,15
2021-12-13,2173,12,91.0,451,541,482,314,214,120,39,12
2021-12-14,2807,14,96.0,516,878,641,357,216,133,43,21
2021-12-15,3590,10,91.0,628,1193,872,423,253,128,62,31
2021-12-16,3986,11,113.0,694,1310,951,538,272,143,53,25
2021-12-17,3649,9,114.0,609,1126,878,458,306,161,72,39
2021-12-18,2739,8,102.0,421,834,644,386,242,120,65,27
2021-12-19,2584,12,109.0,399,796,662,344,214,104,42,23
2021-12-20,5808,13,126.0,817,1713,1432,835,528,295,125,61
2021-12-21,6919,9,180.0,899,2091,1771,972,632,364,118,71
2021-12-22,7509,18,149.0,996,2295,1846,1052,685,407,142,86
2021-12-23,7146,18,136.0,984,1990,1696,1064,728,430,161,91
2021-12-24,3923,17,174.0,632,956,840,606,478,245,104,62
2021-12-25,1457,19,163.0,241,339,289,203,165,107,77,36
2021-12-26,4455,11,199.0,628,1203,1014,702,457,263,123,65
2021-12-27,9237,17,244.0,1478,2197,2008,1394,1033,689,294,143
2021-12-28,10423,15,227.0,2816,2272,1913,1326,1013,622,304,153
2021-12-29,9356,13,248.0,1897,2115,1821,1284,1019,700,333,184
2021-12-30,8184,15,256.0,1727,1751,1478,1118,962,635,313,196
2021-12-31,5189,23,233.0,1003,1113,951,789,602,397,214,120
2022-01-01,1872,21,195.0,347,366,357,277,231,149,84,59
2022-01-02,4152,20,221.0,932,948,796,588,462,246,113,66
2022-01-03,9477,24,249.0,2258,1963,1671,1274,1115,741,271,181
2022-01-04,9560,32,303.0,2565,1884,1694,1162,1061,683,318,193
2022-01-05,6818,22,267.0,1211,1576,1289,932,815,563,276,156
2022-01-06,5755,38,252.0,977,1233,1099,807,715,491,247,182
2022-01-07,4831,36,224.0,895,1030,849,693,613,410,219,121
2022-01-08,3316,29,189.0,609,650,631,539,378,292,145,71
2022-01-09,2058,24,175.0,397,431,390,285,232,158,100,65
2022-01-10,4817,31,218.0,958,956,786,683,624,463,219,128
2022-01-11,4428,28,221.0,1008,810,756,603,532,407,197,115
2022-01-12,4041,34,182.0,1174,699,630,491,382,324,204,137
2022-01-13,3620,30,192.0,944,650,573,447,435,322,164,85
2022-01-14,3073,21,155.0,820,519,533,389,311,259,143,99
2022-01-15,1614,30,142.0,311,327,290,211,176,168,84,47
2022-01-16,1145,30,116.0,232,208,222,144,152,90,59,38
2022-01-17,2011,32,133.0,391,368,343,293,249,201,97,68
2022-01-18,2738,30,142.0,917,453,410,326,273,199,100,60
2022-01-19,2336,18,129.0,677,423,412,278,222,162,96,66
2022-01-20,1989,38,111.0,518,379,356,235,211,146,78,66
2022-01-21,1598,26,98.0,390,301,284,198,166,138,64,57
2022-01-22,999,20,77.0,220,195,181,131,115,87,45,24
2022-01-23,666,27,63.0,166,116,134,99,70,43,24,14
2022-01-24,1507,20,81.0,412,298,249,172,150,117,69,40
2022-01-25,1355,18,71.0,406,255,224,170,120,107,47,26
2022-01-26,1226,23,60.0,343,251,206,158,99,84,43,42
2022-01-27,1028,16,64.0,289,200,191,118,80,84,42,24
2022-01-28,747,23,53.0,166,146,142,88,71,67,49,18
2022-01-29,582,17,53.0,136,99,118,79,48,59,28,15
2022-01-30,425,14,39.0,102,78,73,66,28,39,24,15
2022-01-31,943,18,45.0,287,195,139,98,91,61,41,31
2022-02-01,785,13,43.0,212,121,156,102,75,59,43,17
2022-02-02,365,17,22.0,70,71,73,58,44,26,14,9
2022-02-03,526,19,37.0,139,103,110,51,54,30,27,11
2022-02-04,580,11,36.0,151,128,85,73,63,45,16,19
2022-02-05,376,15,30.0,81,67,77,47,52,22,20,10
2022-02-06,291,23,34.0,77,58,48,43,30,15,12,8
2022-02-07,577,12,37.0,141,113,103,65,50,49,32,24
2022-02-08,569,9,30.0,165,118,84,70,52,42,24,14
2022-02-09,488,10,27.0,137,114,79,65,36,27,16,14
2022-02-10,425,6,23.0,100,100,82,42,32,40,21,8
2022-02-11,328,9,23.0,72,86,58,31,32,23,17,9
2022-02-12,227,6,27.0,41,39,38,26,28,25,20,10
2022-02-13,168,4,19.0,40,26,31,22,17,11,14,7
2022-02-14,381,15,16.0,108,78,61,40,36,29,20,9
2022-02-15,358,4,22.0,94,80,70,29,34,25,12,14
2022-02-16,367,3,18.0,95,88,62,48,28,24,12,9
2022-02-17,305,4,20.0,80,72,55,34,28,17,12,7
2022-02-18,281,4,18.0,44,85,64,34,22,20,9,3
2022-02-19,124,4,10.0,15,27,21,21,16,9,9,6
2022-02-20,112,4,12.0,17,29,14,24,10,10,4,4
2022-02-21,240,10,18.0,40,55,47,32,20,31,9,6
2022-02-22,280,2,26.0,78,66,43,28,25,19,11,10
2022-02-23,236,6,17.0,57,55,49,27,21,14,9,4
2022-02-24,235,4,16.0,63,53,49,25,19,10,12,4
2022-02-25,186,5,15.0,41,45,35,18,19,15,8,4
2022-02-26,106,1,7.0,18,21,22,12,13,9,10,1
2022-02-27,93,7,7.0,18,18,18,11,11,9,6,2
2022-02-28,198,0,13.0,54,42,38,23,23,7,8,3
2022-03-01,186,6,4.0,59,31,28,22,17,15,5,9
2022-03-02,153,3,10.0,46,32,26,21,16,5,3,4
2022-03-03,162,2,12.0,33,24,34,26,17,14,9,5
2022-03-04,118,2,13.0,30,20,26,14,11,7,6,4
2022-03-05,93,1,10.0,20,12,18,19,11,8,3,2
2022-03-06,81,4,10.0,7,24,12,12,6,7,7,6
2022-03-07,166,3,12.0,33,36,25,23,15,20,7,7
2022-03-08,163,2,12.0,44,38,24,16,14,12,11,4
2022-03-09,170,3,10.0,52,28,34,18,19,12,6,1
2022-03-10,163,2,12.0,42,37,23,19,17,10,10,5
2022-03-11,125,2,13.0,27,24,25,13,16,12,4,4
2022-03-12,86,1,4.0,15,14,17,14,11,5,8,2
2022-03-13,82,1,10.0,9,17,25,15,5,7,1,3
2022-03-14,183,3,12.0,35,35,43,26,20,17,5,2
2022-03-15,256,0,13.0,63,65,51,31,24,10,6,6
2022-03-16,234,2,13.0,52,52,56,32,21,13,7,0
2022-03-17,178,0,16.0,31,35,40,24,18,14,10,6
2022-03-18,150,2,8.0,26,37,37,16,17,5,9,3
2022-03-19,122,0,7.0,16,32,29,13,14,13,2,2
2022-03-20,120,2,6.0,21,27,30,18,7,13,3,1
2022-03-21,275,2,14.0,66,52,67,30,27,24,8,1
2022-03-22,269,0,8.0,58,64,64,41,21,10,8,3
2022-03-23,312,1,3.0,59,67,89,36,33,17,9,2
2022-03-24,243,1,5.0,43,67,62,32,12,16,7,4
2022-03-25,240,1,9.0,52,48,59,26,22,16,13,4
2022-03-26,197,1,6.0,28,50,46,31,21,11,6,4
2022-03-27,173,1,5.0,26,43,51,23,11,9,6,4
2022-03-28,352,0,5.0,99,80,69,35,36,17,13,3
2022-03-29,362,0,10.0,75,103,84,42,34,11,9,4
2022-03-30,400,1,6.0,81,90,101,54,40,20,10,4
2022-03-31,305,0,11.0,52,80,79,38,23,17,12,4
2022-04-01,321,0,6.0,56,79,81,38,29,28,4,6
2022-04-02,204,0,8.0,37,42,49,34,20,12,10,0
2022-04-03,215,1,8.0,51,33,63,29,17,14,4,4
2022-04-04,518,0,12.0,135,116,95,81,33,36,17,5
2022-04-05,531,1,13.0,122,138,120,70,43,23,13,2
2022-04-06,599,0,8.0,114,159,140,75,58,23,24,6
2022-04-07,509,3,9.0,103,118,123,76,47,24,14,3
2022-04-08,397,0,13.0,59,99,100,62,42,16,12,7
2022-04-09,281,1,13.0,52,47,79,37,23,17,19,7
2022-04-10,319,1,7.0,63,49,81,49,39,16,18,4
2022-04-11,543,1,15.0,64,154,128,77,54,32,19,15
2022-04-12,530,0,15.0,57,180,123,57,49,32,22,10
2022-04-13,644,0,15.0,79,187,166,105,52,33,13,9
2022-04-14,546,1,7.0,54,190,116,72,61,32,14,7
2022-04-15,549,1,14.0,60,122,150,93,62,34,21,7
2022-04-16,356,1,7.0,40,79,87,66,31,31,13,9
2022-04-17,252,0,10.0,56,39,61,43,22,14,14,3
2022-04-18,771,1,13.0,145,168,160,124,82,49,32,11
2022-04-19,887,1,17.0,199,232,189,102,76,52,24,13
2022-04-20,709,0,12.0,96,188,172,101,74,36,26,16
2022-04-21,681,0,20.0,111,171,164,82,67,46,23,17
2022-04-22,688,0,13.0,151,128,148,98,65,48,34,16
2022-04-23,409,0,7.0,66,70,94,57,48,42,22,10
2022-04-24,398,0,18.0,74,63,97,64,49,28,15,8
2022-04-25,937,0,20.0,212,194,203,111,99,64,31,23
2022-04-26,926,0,14.0,222,228,198,117,75,55,24,7
2022-04-27,883,0,17.0,195,225,195,104,65,59,24,16
2022-04-28,813,1,20.0,156,180,164,126,69,66,39,13
2022-04-29,757,2,20.0,155,134,177,110,74,60,26,21
2022-04-30,530,0,15.0,80,109,125,79,54,49,26,8
2022-05-01,535,0,13.0,97,99,141,74,58,31,28,7
2022-05-02,1269,1,25.0,324,251,250,164,124,70,59,27
2022-05-03,1294,1,19.0,345,297,233,178,116,67,38,20
2022-05-04,1223,1,23.0,261,253,268,173,136,66,45,21
2022-05-05,1088,0,19.0,241,206,239,172,104,61,45,20
2022-05-06,1063,1,23.0,227,214,217,167,106,80,33,19
2022-05-07,691,0,18.0,125,125,160,108,77,61,17,18
2022-05-08,608,1,20.0,109,106,134,111,70,50,19,8
2022-05-09,1611,0,33.0,427,285,294,247,180,109,45,24
2022-05-10,1711,0,23.0,512,280,342,222,159,105,59,32
2022-05-11,1655,2,24.0,448,297,319,228,184,117,36,26
2022-05-12,1470,1,27.0,347,288,291,196,167,88,66,27
2022-05-13,1264,2,35.0,292,220,231,183,145,111,58,24
2022-05-14,732,1,25.0,122,132,152,104,99,59,36,27
2022-05-15,727,1,25.0,133,133,157,104,84,59,33,24
2022-05-16,1465,0,29.0,392,273,302,197,142,89,45,25
2022-05-17,1375,0,36.0,360,255,280,148,146,91,64,30
2022-05-18,1343,2,28.0,311,268,277,189,133,92,49,24
2022-05-19,1179,1,38.0,241,244,244,156,111,87,56,40
2022-05-20,1103,2,33.0,252,198,209,145,122,96,50,31
2022-05-21,635,1,29.0,89,119,140,94,81,60,31,21
2022-05-22,622,0,33.0,116,115,117,110,65,54,30,15
2022-05-23,1356,1,29.0,334,255,238,163,181,100,56,29
2022-05-24,1319,0,25.0,327,278,272,159,123,85,50,25
2022-05-25,1337,0,31.0,299,281,249,178,143,104,45,38
2022-05-26,1223,1,35.0,244,269,255,146,145,83,50,31
2022-05-27,1053,2,26.0,209,221,218,145,124,73,41,22
2022-05-28,613,2,32.0,91,114,132,94,66,55,40,21
2022-05-29,536,0,28.0,101,118,97,74,59,44,22,21
2022-05-30,386,1,24.0,51,69,69,73,51,32,17,24
2022-05-31,1649,1,43.0,379,297,327,219,184,140,65,38
2022-06-01,1354,3,28.0,322,260,268,167,150,105,50,32
2022-06-02,1211,0,38.0,279,268,230,160,133,87,31,23
2022-06-03,1097,1,34.0,241,199,217,146,122,90,59,23
2022-06-04,592,1,34.0,99,134,126,73,69,45,26,20
2022-06-05,589,2,27.0,68,118,142,96,72,48,30,15
2022-06-06,1141,0,29.0,259,199,228,141,138,98,52,26
2022-06-07,1100,1,25.0,254,199,219,140,131,83,45,29
2022-06-08,1037,0,28.0,238,202,221,148,106,58,40,24
2022-06-09,982,1,34.0,190,190,206,158,104,66,45,23
2022-06-10,829,0,25.0,162,194,161,106,89,69,28,20
2022-06-11,530,1,27.0,72,102,113,86,68,44,32,13
2022-06-12,525,2,20.0,91,98,119,74,65,43,21,14
2022-06-13,914,0,34.0,95,182,215,140,110,97,43,32
2022-06-14,828,0,32.0,102,184,181,124,97,73,42,25
2022-06-15,739,1,44.0,81,159,162,112,87,81,41,16
2022-06-16,745,0,41.0,90,153,150,112,84,86,47,23
2022-06-17,680,0,28.0,100,127,137,99,91,64,38,24
2022-06-18,547,2,30.0,66,96,125,85,72,56,32,15
2022-06-19,480,1,28.0,64,97,112,75,52,43,20,17
2022-06-20,851,3,40.0,72,174,163,165,106,87,54,30
2022-06-21,939,0,50.0,90,204,211,135,122,78,62,37
2022-06-22,970,0,28.0,94,207,232,156,129,93,32,27
2022-06-23,856,2,30.0,100,180,188,132,122,70,45,19
2022-06-24,823,1,36.0,110,187,148,127,101,74,47,29
2022-06-25,514,1,30.0,67,99,81,90,70,64,28,15
2022-06-26,450,3,32.0,71,71,99,76,66,33,20,14
2022-06-27,922,3,39.0,105,198,185,143,121,100,48,22
2022-06-28,1018,0,40.0,111,224,248,132,138,74,66,25
2022-06-29,976,0,41.0,104,218,211,148,129,90,40,36
2022-06-30,921,2,33.0,103,205,202,133,117,78,57,26
2022-07-01,732,1,27.0,71,149,149,117,99,77,46,24
2022-07-02,542,0,27.0,80,106,92,83,71,48,43,19
2022-07-03,452,1,33.0,51,102,90,63,55,40,33,18
2022-07-04,257,1,33.0,39,40,49,29,36,25,20,18
2022-07-05,1117,0,42.0,125,223,252,181,148,108,53,27
2022-07-06,1048,2,39.0,115,225,234,165,120,100,54,35
2022-07-07,988,0,32.0,117,205,186,132,151,114,53,30
2022-07-08,899,3,51.0,113,182,185,138,133,84,36,28
2022-07-09,575,2,33.0,89,90,105,75,88,67,46,15
2022-07-10,521,1,38.0,75,106,100,88,58,50,31,13
2022-07-11,1014,1,43.0,142,191,174,142,157,101,62,45
2022-07-12,964,5,41.0,106,188,183,166,143,84,57,37
2022-07-13,974,0,43.0,120,186,195,146,149,92,57,29
2022-07-14,941,2,35.0,127,163,176,144,131,102,63,35
2022-07-15,852,3,44.0,106,161,181,127,121,86,45,25
2022-07-16,567,1,20.0,76,101,109,91,65,68,36,20
2022-07-17,527,0,40.0,84,94,106,84,70,51,26,12
2022-07-18,1124,2,44.0,153,198,221,173,162,110,63,44
2022-07-19,1002,4,50.0,140,196,197,147,126,95,69,32
2022-07-20,1005,2,48.0,145,202,207,146,132,96,49,28
2022-07-21,970,0,46.0,126,175,178,126,154,106,61,44
2022-07-22,823,1,37.0,116,151,155,113,121,85,49,32
2022-07-23,622,5,32.0,99,106,125,89,78,74,34,17
2022-07-24,518,2,34.0,81,111,82,69,70,56,32,17
2022-07-25,1038,3,39.0,132,218,198,134,142,135,51,28
2022-07-26,971,2,49.0,133,167,199,138,134,106,54,40
2022-07-27,933,3,29.0,132,194,211,120,110,91,49,26
2022-07-28,874,1,46.0,124,182,170,118,113,93,48,26
2022-07-29,812,0,38.0,124,151,145,112,109,85,56,30
2022-07-30,487,1,34.0,55,93,98,65,66,52,38,20
2022-07-31,451,1,25.0,77,95,71,51,67,46,28,16
2022-08-01,949,3,47.0,130,177,166,143,124,109,72,28
2022-08-02,962,1,37.0,116,195,204,138,111,97,71,30
2022-08-03,928,1,43.0,124,230,167,111,128,90,52,26
2022-08-04,811,1,42.0,98,179,147,114,103,87,54,29
2022-08-05,787,0,39.0,94,161,134,106,105,104,46,37
2022-08-06,535,1,44.0,82,95,90,77,76,48,42,25
2022-08-07,441,3,37.0,61,86,95,65,60,42,19,13
2022-08-08,911,1,46.0,109,192,138,125,120,114,68,45
2022-08-09,816,1,54.0,106,160,154,152,80,68,62,34
2022-08-10,799,1,37.0,111,160,131,103,127,78,56,33
2022-08-11,644,2,46.0,66,112,118,92,87,75,51,42
2022-08-12,642,0,44.0,88,132,101,78,100,79,40,24
2022-08-13,450,1,30.0,51,83,86,61,63,55,29,22
2022-08-14,388,2,36.0,62,69,64,53,53,42,28,17
2022-08-15,734,1,37.0,97,116,134,124,113,70,48,32
2022-08-16,743,2,47.0,93,120,138,106,104,87,53,41
2022-08-17,691,2,43.0,86,135,116,106,104,75,42,27
2022-08-18,588,1,31.0,93,88,99,75,78,78,52,25
2022-08-19,600,4,39.0,69,109,127,73,78,84,35,25
2022-08-20,372,1,30.0,64,65,65,44,52,39,24,19
2022-08-21,362,2,37.0,71,59,69,58,46,26,22,10
2022-08-22,762,2,49.0,93,144,135,113,112,78,53,34
2022-08-23,674,2,50.0,86,117,121,107,84,86,38,35
2022-08-24,706,3,41.0,100,146,138,87,89,63,51,31
2022-08-25,575,1,42.0,99,108,98,69,87,55,27,32
2022-08-26,547,2,30.0,103,93,73,84,69,71,31,23
2022-08-27,386,0,35.0,77,68,58,54,47,33,32,17
2022-08-28,345,2,37.0,68,60,71,43,38,28,19,18
2022-08-29,844,1,32.0,208,119,118,118,122,86,42,31
2022-08-30,777,0,36.0,198,130,112,106,83,66,47,35
2022-08-31,645,2,41.0,139,112,111,81,75,79,29,19
2022-09-01,641,1,32.0,157,80,124,85,86,49,33,27
2022-09-02,529,1,45.0,123,74,86,66,58,54,39,29
2022-09-03,331,1,31.0,66,55,50,44,34,30,35,17
2022-09-04,252,2,30.0,43,38,43,34,37,23,19,15
2022-09-05,213,1,27.0,39,25,31,35,21,21,23,18
2022-09-06,792,1,40.0,171,128,127,115,117,54,53,26
2022-09-07,689,2,32.0,161,110,92,104,105,55,37,24
2022-09-08,571,3,38.0,119,87,109,67,74,56,29,29
2022-09-09,469,1,24.0,78,86,71,62,62,52,25,33
2022-09-10,307,2,26.0,53,37,51,37,47,33,30,19
2022-09-11,211,0,17.0,33,36,38,32,28,23,11,10
2022-09-12,607,2,27.0,130,90,102,79,83,56,46,21
2022-09-13,494,2,31.0,116,79,85,44,62,50,38,20
2022-09-14,505,3,27.0,96,83,76,73,60,52,49,16
2022-09-15,390,0,21.0,81,70,51,46,53,41,29,19
2022-09-16,422,0,30.0,81,67,58,59,46,50,36,25
2022-09-17,247,0,21.0,44,46,34,34,25,26,19,19
2022-09-18,194,1,21.0,33,34,26,25,22,29,21,4
2022-09-19,442,0,31.0,88,86,69,52,55,46,24,22
2022-09-20,430,0,29.0,85,75,66,45,49,52,30,28
2022-09-21,369,2,27.0,70,68,74,44,45,30,23,15
2022-09-22,427,2,36.0,83,62,76,58,51,48,31,18
2022-09-23,339,0,25.0,46,64,59,39,55,41,26,9
2022-09-24,205,2,15.0,27,41,35,27,24,31,12,8
2022-09-25,190,5,20.0,24,32,45,26,27,16,11,8
2022-09-26,406,2,17.0,78,59,68,54,52,38,40,17
2022-09-27,367,2,27.0,79,51,51,61,51,34,23,17
2022-09-28,336,0,22.0,60,63,56,39,40,37,21,20
2022-09-29,360,0,24.0,63,49,64,37,52,44,27,23
2022-09-30,317,1,20.0,51,49,32,54,56,38,25,12
2022-10-01,204,2,27.0,25,27,47,24,20,26,16,19
2022-10-02,176,2,21.0,20,32,19,23,20,29,15,18
2022-10-03,442,2,30.0,86,72,65,50,65,46,42,16
2022-10-04,381,1,24.0,75,50,67,44,47,46,30,22
2022-10-05,364,1,27.0,83,53,59,45,49,40,17,18
2022-10-06,360,0,20.0,74,50,55,42,41,53,25,20
2022-10-07,313,2,19.0,58,55,42,39,42,35,24,18
2022-10-08,182,3,14.0,21,26,35,24,27,21,14,14
2022-10-09,166,0,16.0,18,25,25,24,28,17,15,14
2022-10-10,328,2,28.0,44,55,47,41,51,42,27,21
2022-10-11,395,0,36.0,61,56,64,45,52,62,34,21
2022-10-12,387,0,33.0,76,58,54,55,50,44,26,24
2022-10-13,365,1,26.0,72,41,53,50,46,44,34,25
2022-10-14,345,3,25.0,57,57,59,42,50,35,25,20
2022-10-15,207,2,22.0,15,31,32,27,35,34,19,14
2022-10-16,176,0,16.0,22,29,27,22,26,25,13,11
2022-10-17,466,2,29.0,90,77,67,60,56,57,39,20
2022-10-18,389,1,32.0,83,56,41,46,53,58,32,19
2022-10-19,403,1,30.0,88,57,57,44,52,46,36,23
2022-10-20,441,2,35.0,83,71,73,44,48,55,42,25
2022-10-21,365,1,29.0,37,64,64,54,51,43,40,12
2022-10-22,232,0,25.0,25,35,49,28,34,29,19,13
2022-10-23,203,2,18.0,27,36,39,18,33,22,15,13
2022-10-24,614,2,24.0,105,84,95,78,75,88,60,29
2022-10-25,514,2,35.0,78,61,90,81,67,67,44,26
2022-10-26,466,0,36.0,78,67,78,68,76,55,24,20
2022-10-27,500,3,31.0,105,79,63,58,70,61,32,32
2022-10-28,343,1,26.0,63,60,48,42,49,38,33,10
2022-10-29,230,1,23.0,30,34,40,29,34,33,16,14
2022-10-30,198,3,18.0,25,32,25,24,30,29,15,18
2022-10-31,525,0,35.0,103,81,77,63,68,66,42,25
2022-11-01,569,1,49.0,103,90,100,70,76,59,44,27
2022-11-02,531,0,30.0,101,105,87,74,72,46,19,27
2022-11-03,462,1,31.0,94,65,79,63,51,52,32,26
2022-11-04,426,1,37.0,80,71,59,60,52,53,28,23
2022-11-05,258,3,28.0,33,45,47,33,39,28,16,16
2022-11-06,241,1,25.0,32,55,35,29,36,26,20,8
2022-11-07,583,0,29.0,131,101,92,70,74,51,37,27
2022-11-08,411,1,45.0,57,70,71,51,55,47,38,21
2022-11-09,499,2,42.0,126,74,75,63,66,45,28,22
2022-11-10,551,0,38.0,124,91,99,57,78,44,36,22
2022-11-11,422,2,41.0,93,59,65,44,53,47,29,31
2022-11-12,240,0,28.0,33,37,38,32,37,31,21,11
2022-11-13,188,3,29.0,24,28,39,25,23,15,23,11
2022-11-14,543,1,28.0,124,75,77,80,55,72,37,23
2022-11-15,504,1,39.0,108,67,76,60,65,56,43,29
2022-11-16,510,0,34.0,122,83,78,62,70,50,27,18
2022-11-17,467,2,36.0,93,63,76,51,57,63,34,30
2022-11-18,437,0,37.0,90,47,81,58,47,46,33,35
2022-11-19,280,1,31.0,38,43,54,39,42,31,19,14
2022-11-20,262,0,31.0,30,37,47,29,43,27,33,16
2022-11-21,506,1,43.0,48,59,78,78,85,88,36,34
2022-11-22,488,0,33.0,51,72,100,50,67,62,64,22
2022-11-23,514,0,30.0,62,81,102,56,62,73,50,28
2022-11-24,161,1,28.0,16,22,26,25,20,19,17,16
2022-11-25,437,2,45.0,52,68,77,44,52,71,44,29
2022-11-26,349,0,40.0,36,51,56,50,39,51,34,32
2022-11-27,285,0,40.0,32,49,53,40,35,30,25,21
2022-11-28,887,1,38.0,193,137,135,102,121,109,55,35
2022-11-29,819,2,45.0,129,138,121,103,110,104,74,40
2022-11-30,685,0,53.0,111,117,122,80,91,78,61,25
2022-12-01,619,3,47.0,123,91,92,73,91,72,39,38
2022-12-02,620,3,51.0,96,99,97,78,77,83,55,35
2022-12-03,420,1,42.0,50,73,72,62,56,57,34,16
2022-12-04,375,1,43.0,51,51,49,60,58,46,25,35
2022-12-05,763,1,50.0,143,102,114,114,130,71,52,36
2022-12-06,828,0,46.0,171,108,119,109,103,114,45,59
2022-12-07,745,0,54.0,160,117,137,76,95,74,46,40
2022-12-08,753,3,42.0,135,100,125,104,93,90,60,46
2022-12-09,570,0,38.0,123,83,77,85,71,60,46,24
2022-12-10,331,1,61.0,37,43,63,57,33,44,26,28
2022-12-11,317,2,45.0,41,52,62,39,43,33,25,22
2022-12-12,916,1,46.0,197,111,105,128,128,125,61,61
2022-12-13,772,2,49.0,158,119,110,99,104,86,54,42
2022-12-14,818,0,56.0,253,98,114,95,101,70,46,41
2022-12-15,820,2,40.0,165,111,111,120,103,100,69,41
2022-12-16,646,1,50.0,140,79,92,71,71,92,62,39
2022-12-17,384,1,40.0,56,44,59,58,52,58,31,26
2022-12-18,356,4,44.0,52,57,71,48,50,43,20,15
2022-12-19,819,3,44.0,182,90,121,105,110,117,52,42
2022-12-20,904,3,51.0,154,122,136,116,137,121,61,57
2022-12-21,774,0,52.0,175,103,116,88,96,99,64,33
2022-12-22,523,1,33.0,43,73,97,72,74,84,51,29
2022-12-23,327,2,30.0,34,43,76,37,52,40,26,19
2022-12-24,242,1,40.0,31,30,33,35,27,39,27,19
2022-12-25,120,1,43.0,20,10,15,16,14,20,11,14
2022-12-26,444,2,43.0,44,59,66,72,57,60,43,43
2022-12-27,612,4,46.0,57,93,101,74,97,83,69,38
2022-12-28,508,1,51.0,48,70,77,79,72,65,55,42
2022-12-29,529,4,57.0,63,88,84,81,61,66,41,45
2022-12-30,454,1,47.0,33,72,75,65,62,55,50,42
2022-12-31,252,2,35.0,28,37,45,24,33,29,32,23
2023-01-01,147,3,37.0,16,19,24,16,22,20,18,12
2023-01-02,389,2,47.0,34,63,71,41,51,54,43,32
2023-01-03,525,0,48.0,54,93,89,71,81,60,45,32
2023-01-04,445,2,39.0,31,92,66,78,55,52,47,24
2023-01-05,435,2,52.0,32,73,72,59,62,59,43,35
2023-01-06,420,1,39.0,40,55,72,53,59,72,45,24
2023-01-07,299,2,44.0,31,58,34,48,45,36,26,21
2023-01-08,238,0,30.0,43,45,41,20,23,29,27,10
2023-01-09,494,0,36.0,91,59,75,58,68,60,50,33
2023-01-10,506,3,46.0,129,67,67,51,43,68,44,37
2023-01-11,492,3,43.0,122,65,54,63,62,51,44,31
2023-01-12,417,5,28.0,89,56,50,52,50,52,45,23
2023-01-13,345,5,29.0,70,49,52,37,46,42,30,19
2023-01-14,181,3,30.0,22,29,23,22,24,27,21,13
2023-01-15,152,1,20.0,16,20,25,20,27,18,11,15
2023-01-16,290,1,27.0,24,37,42,41,40,49,40,17
2023-01-17,468,2,32.0,108,59,62,76,64,52,31,16
2023-01-18,464,1,34.0,154,62,57,53,55,36,28,19
2023-01-19,421,1,27.0,115,55,58,39,45,53,36,20
2023-01-20,438,1,28.0,131,40,60,35,61,58,35,18
2023-01-21,203,0,25.0,28,26,38,26,24,30,22,9
2023-01-22,179,1,29.0,15,33,36,23,19,20,27,6
2023-01-23,431,2,20.0,147,54,55,40,48,48,18,21
2023-01-24,407,3,19.0,113,52,49,43,57,46,23,24
2023-01-25,372,1,26.0,126,57,49,43,29,35,22,11
2023-01-26,388,0,28.0,121,63,57,39,36,32,21,19
2023-01-27,400,0,27.0,105,48,60,51,52,43,30,11
2023-01-28,176,0,22.0,32,23,30,23,21,24,16,7
2023-01-29,160,1,22.0,31,34,19,24,13,22,11,6
2023-01-30,423,2,37.0,115,64,58,51,55,42,22,16
2023-01-31,413,2,20.0,135,48,68,44,41,33,31,13
2023-02-01,468,0,20.0,195,66,57,50,31,42,16,11
2023-02-02,429,2,22.0,160,55,55,35,44,25,38,17
2023-02-03,265,0,19.0,45,42,46,32,40,27,25,8
2023-02-04,168,2,18.0,25,22,31,21,22,18,21,8
2023-02-05,164,0,18.0,36,21,25,21,22,15,15,9
2023-02-06,464,4,35.0,143,69,67,51,60,36,22,16
2023-02-07,453,0,25.0,110,73,71,45,60,40,29,25
2023-02-08,451,0,19.0,150,73,50,47,45,35,31,20
2023-02-09,389,3,23.0,98,60,60,42,50,32,25,22
2023-02-10,365,0,20.0,93,50,61,43,28,31,32,27
2023-02-11,182,2,25.0,17,30,23,24,29,25,21,13
2023-02-12,176,0,22.0,21,26,32,24,18,24,11,20
2023-02-13,454,1,30.0,113,60,60,53,63,51,29,25
2023-02-14,393,0,18.0,90,53,59,43,38,42,43,25
2023-02-15,485,1,27.0,169,68,84,54,38,38,14,20
2023-02-16,423,0,24.0,102,70,50,43,58,46,29,25
2023-02-17,398,1,33.0,101,59,43,46,40,52,30,27
2023-02-18,198,0,19.0,26,40,25,26,30,23,13,15
2023-02-19,161,1,29.0,21,25,23,27,28,17,14,6
2023-02-20,334,1,28.0,41,47,41,41,53,44,41,26
2023-02-21,444,5,31.0,111,57,52,50,59,43,32,40
2023-02-22,468,0,26.0,135,73,59,52,60,46,22,21
2023-02-23,423,0,28.0,107,66,64,46,41,50,25,24
2023-02-24,408,0,29.0,104,50,50,60,47,39,40,18
2023-02-25,160,0,26.0,17,27,22,30,20,15,16,13
2023-02-26,176,2,21.0,26,33,31,25,17,16,16,12
2023-02-27,478,2,27.0,104,63,68,59,60,63,35,26
2023-02-28,395,5,30.0,113,59,48,48,45,41,23,18
2023-03-01,397,0,19.0,109,48,68,57,41,32,28,14
2023-03-02,438,3,30.0,76,67,57,64,52,53,47,22
2023-03-03,292,2,22.0,78,35,50,28,27,34,23,17
2023-03-04,190,0,20.0,33,24,26,23,29,21,16,18
2023-03-05,138,0,24.0,17,20,21,24,16,15,16,9
2023-03-06,419,1,32.0,105,54,61,40,52,55,30,22
2023-03-07,387,0,22.0,107,47,58,53,40,47,21,14
2023-03-08,352,1,19.0,84,60,44,46,53,37,15,13
2023-03-09,311,0,25.0,66,36,37,41,45,39,27,20
2023-03-10,260,0,20.0,46,48,38,31,36,31,14,16
2023-03-11,157,1,24.0,20,19,23,24,30,24,10,7
2023-03-12,87,1,12.0,9,7,18,16,11,13,7,6
2023-03-13,370,0,19.0,87,51,48,46,48,44,33,13
2023-03-14,335,0,10.0,85,44,50,39,55,36,16,10
2023-03-15,294,1,19.0,88,50,47,40,32,22,13,2
2023-03-16,307,1,23.0,72,48,42,35,33,40,23,14
2023-03-17,195,1,21.0,28,31,27,23,30,16,24,16
2023-03-18,109,2,8.0,18,21,20,18,12,9,9,2
2023-03-19,127,1,21.0,12,20,18,20,17,18,14,8
2023-03-20,329,1,25.0,80,46,49,36,37,37,26,18
2023-03-21,260,0,25.0,77,34,42,27,26,26,14,14
2023-03-22,236,0,18.0,66,33,34,26,29,23,13,12
2023-03-23,264,2,19.0,69,37,36,28,30,40,15,9
2023-03-24,259,2,29.0,52,29,45,38,27,27,24,17
2023-03-25,133,0,24.0,19,16,17,21,18,15,13,14
2023-03-26,106,2,13.0,18,14,25,11,12,14,8,4
2023-03-27,299,1,26.0,83,27,43,27,40,33,27,19
2023-03-28,308,1,24.0,86,42,43,35,38,29,19,16
2023-03-29,204,2,14.0,30,40,35,23,28,19,19,10
2023-03-30,256,0,17.0,58,30,45,27,27,30,24,15
2023-03-31,229,0,29.0,68,29,43,21,19,27,10,12
2023-04-01,130,1,14.0,15,12,18,23,13,23,15,11
2023-04-02,90,0,14.0,16,16,9,8,12,12,12,5
2023-04-03,202,0,22.0,25,38,28,27,24,26,24,10
2023-04-04,216,0,15.0,29,30,42,24,20,31,22,18
2023-04-05,148,0,12.0,9,31,24,19,14,25,15,11
2023-04-06,186,1,19.0,23,29,26,21,25,29,18,15
2023-04-07,125,1,15.0,18,19,16,16,18,22,12,4
2023-04-08,113,0,7.0,16,13,24,16,9,13,16,6
2023-04-09,96,0,17.0,15,16,17,8,12,17,8,3
2023-04-10,253,1,18.0,60,29,33,29,32,31,22,17
2023-04-11,252,1,18.0,39,37,34,28,34,38,17,25
2023-04-12,210,0,21.0,46,30,27,33,28,26,7,13
2023-04-13,218,1,13.0,33,32,42,24,25,26,13,23
2023-04-14,166,1,17.0,31,20,28,16,17,33,15,6
2023-04-15,96,0,19.0,16,11,12,10,12,10,13,12
2023-04-16,84,1,12.0,10,13,13,12,11,13,10,2
2023-04-17,180,0,18.0,40,32,22,10,21,24,19,12
2023-04-18,192,0,17.0,38,25,25,26,21,17,14,26
2023-04-19,159,0,13.0,47,19,21,18,22,12,7,13
2023-04-20,135,0,14.0,31,14,22,15,17,20,6,10
2023-04-21,120,1,12.0,30,10,22,16,12,12,12,6
2023-04-22,87,0,4.0,11,4,9,11,16,8,12,16
2023-04-23,59,1,5.0,11,7,9,9,5,9,6,3
2023-04-24,173,0,17.0,46,19,22,22,20,20,14,10
2023-04-25,200,0,11.0,43,30,28,23,29,24,14,9
2023-04-26,137,1,20.0,41,15,27,13,13,11,9,8
2023-04-27,159,0,11.0,32,25,25,21,22,16,8,10
2023-04-28,152,1,14.0,19,21,25,16,23,25,15,8
2023-04-29,79,0,6.0,9,17,16,7,11,8,5,6
2023-04-30,56,0,6.0,13,4,7,9,10,8,1,4
2023-05-01,143,0,7.0,33,19,34,11,22,10,8,6
2023-05-02,203,0,9.0,42,28,26,34,27,29,10,7
2023-05-03,160,0,5.0,40,24,32,19,11,16,8,10
2023-05-04,167,0,11.0,44,27,32,15,18,13,7,11
2023-05-05,108,0,12.0,26,13,19,8,14,7,13,8
2023-05-06,65,1,7.0,7,7,12,10,10,11,4,4
2023-05-07,68,0,8.0,10,10,8,9,11,11,6,3
2023-05-08,178,0,7.0,41,22,25,19,32,19,11,9
2023-05-09,145,1,14.0,41,11,20,9,17,24,14,9
2023-05-10,192,0,15.0,61,34,28,21,13,15,8,12
2023-05-11,173,0,17.0,36,27,19,24,13,19,20,15
2023-05-12,101,1,11.0,16,16,17,9,9,16,12,6
2023-05-13,52,0,10.0,7,7,9,8,6,9,3,3
2023-05-14,57,2,9.0,7,10,5,6,5,10,8,6
2023-05-15,106,0,9.0,18,19,10,10,11,17,12,9
2023-05-16,122,0,8.0,28,16,15,21,14,5,14,9
2023-05-17,108,1,10.0,20,22,20,13,12,7,9,5
2023-05-18,93,0,11.0,18,14,14,6,12,11,15,3
2023-05-19,96,1,10.0,17,12,12,13,12,15,13,2
2023-05-20,47,0,10.0,3,5,7,4,7,11,6,3
2023-05-21,37,0,8.0,2,3,3,6,3,5,5,10
2023-05-22,99,0,7.0,18,14,8,13,17,18,8,3
2023-05-23,102,0,3.0,22,16,13,8,14,11,12,6
2023-05-24,79,0,5.0,18,17,13,11,9,3,6,2
2023-05-25,92,0,13.0,16,20,17,9,11,8,10,1
2023-05-26,55,0,7.0,9,4,18,4,4,5,6,5
2023-05-27,46,0,5.0,4,7,10,5,7,5,6,2
2023-05-28,48,0,12.0,11,3,11,3,3,8,4,5
2023-05-29,51,1,6.0,2,9,8,7,3,10,4,8
2023-05-30,90,0,4.0,18,10,17,7,13,10,9,6
2023-05-31,85,0,7.0,29,6,14,7,10,9,6,4
2023-06-01,77,1,3.0,8,13,13,7,12,14,7,3
2023-06-02,56,0,6.0,10,10,12,1,9,5,7,2
2023-06-03,36,0,3.0,4,5,7,6,6,4,2,2
2023-06-04,37,1,3.0,6,4,6,5,3,7,3,3
2023-06-05,62,1,7.0,15,3,11,6,6,10,7,4
2023-06-06,59,1,14.0,10,8,8,11,7,7,5,3
2023-06-07,68,0,10.0,10,13,16,6,12,3,7,1
2023-06-08,43,0,6.0,6,7,9,4,4,6,4,3
2023-06-09,49,0,2.0,7,10,8,7,7,5,5,0
2023-06-10,38,0,5.0,3,4,7,5,5,8,4,2
2023-06-11,30,0,5.0,5,8,5,1,5,4,1,1
2023-06-12,46,0,7.0,10,3,10,4,6,4,5,4
2023-06-13,45,1,2.0,6,4,7,8,7,6,5,2
2023-06-14,48,0,2.0,8,2,11,6,5,10,3,3
2023-06-15,47,0,4.0,6,7,6,7,7,6,7,1
2023-06-16,55,0,7.0,10,9,10,3,4,9,5,5
2023-06-17,29,0,1.0,2,3,4,4,6,4,6,0
2023-06-18,27,0,3.0,3,3,4,5,3,4,3,2
2023-06-19,48,0,5.0,4,4,7,6,4,12,4,7
2023-06-20,60,0,2.0,8,9,12,6,5,10,7,3
2023-06-21,74,0,2.0,6,10,12,14,8,11,8,5
2023-06-22,60,1,8.0,4,13,10,4,9,6,7,7
2023-06-23,42,0,8.0,3,4,8,6,6,4,5,6
2023-06-24,27,1,4.0,4,6,4,5,4,0,2,2
2023-06-25,20,0,3.0,3,3,2,6,2,1,2,1
2023-06-26,37,0,3.0,5,5,5,4,9,3,3,3
2023-06-27,45,1,6.0,4,13,5,5,4,4,7,3
2023-06-28,45,0,2.0,7,7,10,5,5,7,3,1
2023-06-29,53,0,3.0,6,12,9,10,5,5,3,3
2023-06-30,43,0,3.0,3,10,5,5,4,8,5,3
2023-07-01,36,0,3.0,3,6,7,7,3,6,2,2
2023-07-02,25,0,3.0,0,6,3,3,4,5,1,3
2023-07-03,54,1,5.0,4,12,12,7,6,6,4,3
2023-07-04,27,0,4.0,4,2,5,4,6,1,4,1
2023-07-05,45,0,4.0,7,1,8,8,8,3,5,5
2023-07-06,44,1,3.0,3,8,8,4,7,9,4,1
2023-07-07,45,0,4.0,2,8,9,5,5,6,4,6
2023-07-08,39,0,2.0,2,9,6,5,4,4,7,2
2023-07-09,30,0,,3,6,9,5,4,0,1,2
2023-07-10,45,0,3.0,8,7,8,4,10,5,3,0
2023-07-11,48,0,2.0,5,12,6,6,5,4,8,2
2023-07-12,59,0,6.0,10,7,14,13,6,7,1,1
2023-07-13,56,0,1.0,8,9,14,11,4,3,6,1
2023-07-14,56,1,3.0,4,10,10,2,5,9,11,5
2023-07-15,35,0,5.0,1,5,1,6,10,4,3,5
2023-07-16,40,0,6.0,4,10,10,3,2,5,5,1
2023-07-17,53,0,4.0,5,9,12,10,7,3,4,3
2023-07-18,72,0,8.0,10,13,17,9,7,10,5,1
2023-07-19,80,0,2.0,8,20,8,16,8,10,7,3
2023-07-20,85,1,1.0,6,10,14,18,15,6,14,2
2023-07-21,78,0,6.0,14,6,14,7,10,16,7,4
2023-07-22,55,0,6.0,7,7,10,7,10,5,7,2
2023-07-23,44,1,3.0,2,8,3,5,9,10,4,3
2023-07-24,93,0,11.0,15,13,13,11,12,15,7,7
2023-07-25,90,1,6.0,7,23,19,6,15,11,7,2
2023-07-26,107,0,5.0,10,17,20,13,13,18,9,7
2023-07-27,87,0,8.0,5,15,15,10,16,15,6,5
2023-07-28,96,1,9.0,15,13,17,18,12,7,9,5
2023-07-29,54,0,6.0,11,4,13,5,5,7,5,4
2023-07-30,56,0,7.0,6,5,10,6,7,10,6,6
2023-07-31,93,0,4.0,15,17,12,15,9,11,9,5
2023-08-01,107,0,11.0,7,12,20,22,17,15,10,4
2023-08-02,125,0,10.0,16,23,26,10,21,11,8,10
2023-08-03,111,0,7.0,18,21,24,10,14,15,4,5
2023-08-04,81,0,10.0,7,11,16,7,14,5,14,7
2023-08-05,58,0,6.0,9,10,13,7,4,6,6,3
2023-08-06,63,0,6.0,11,7,10,7,8,6,6,8
2023-08-07,102,0,14.0,12,13,7,16,21,15,13,5
2023-08-08,134,0,11.0,13,18,19,17,24,22,15,6
2023-08-09,146,0,17.0,23,33,23,16,23,13,11,4
2023-08-10,133,0,10.0,19,21,29,17,18,17,7,5
2023-08-11,144,0,13.0,22,29,23,11,20,17,13,9
2023-08-12,106,0,10.0,14,12,13,19,13,19,6,10
2023-08-13,85,1,11.0,11,14,16,6,20,6,4,8
2023-08-14,159,0,10.0,14,30,32,22,22,18,16,5
2023-08-15,173,0,15.0,22,34,24,22,27,23,16,5
2023-08-16,162,0,8.0,21,27,26,25,29,19,11,4
2023-08-17,165,1,14.0,21,25,24,25,25,21,17,7
2023-08-18,143,0,12.0,16,21,21,19,23,19,14,10
2023-08-19,142,1,15.0,19,15,17,22,25,15,17,12
2023-08-20,117,0,9.0,16,25,16,14,16,13,9,8
2023-08-21,211,0,14.0,29,32,28,35,35,26,21,5
2023-08-22,204,1,13.0,25,33,29,25,30,31,13,18
2023-08-23,188,2,16.0,18,39,33,23,24,25,13,13
2023-08-24,193,0,19.0,35,32,24,31,12,26,23,10
2023-08-25,226,0,11.0,30,31,37,28,35,27,23,15
2023-08-26,117,0,13.0,26,12,17,18,11,12,12,9
2023-08-27,127,0,13.0,25,16,18,20,19,10,10,9
2023-08-28,240,0,8.0,50,36,36,30,39,22,17,10
2023-08-29,214,0,16.0,36,33,25,30,32,22,12,24
2023-08-30,221,0,14.0,41,39,49,23,23,17,19,10
2023-08-31,199,1,13.0,32,33,34,26,18,26,16,14
2023-09-01,169,0,19.0,25,34,21,16,25,17,16,15
2023-09-02,139,0,11.0,23,15,27,12,20,13,12,17
2023-09-03,122,1,21.0,18,19,19,17,14,13,13,9
2023-09-04,133,0,19.0,18,19,22,13,9,19,16,17
2023-09-05,286,0,19.0,41,36,47,34,38,40,31,18
2023-09-06,268,0,15.0,37,67,34,26,37,32,14,20
2023-09-07,212,1,18.0,30,37,34,24,24,30,20,13
2023-09-08,176,0,13.0,21,28,31,23,27,22,17,7
2023-09-09,129,0,18.0,20,16,12,13,22,19,19,8
2023-09-10,110,0,17.0,11,20,16,13,10,10,19,11
2023-09-11,169,0,13.0,23,31,22,23,24,17,16,13
2023-09-12,205,1,18.0,19,31,31,22,26,27,20,29
2023-09-13,208,1,13.0,19,43,35,30,23,25,16,17
2023-09-14,209,1,24.0,18,28,30,33,22,33,28,17
2023-09-15,172,0,16.0,21,21,23,14,21,26,27,19
2023-09-16,117,1,18.0,13,15,13,12,22,16,14,12
2023-09-17,115,0,23.0,12,10,17,10,22,13,15,16
2023-09-18,200,0,24.0,26,27,37,25,24,29,18,14
2023-09-19,261,0,23.0,22,44,33,44,25,37,24,32
2023-09-20,192,1,27.0,25,25,26,30,24,28,19,15
2023-09-21,162,1,18.0,15,18,30,25,24,19,15,16
2023-09-22,148,2,12.0,20,24,15,12,21,33,12,11
2023-09-23,116,0,17.0,15,17,23,14,14,18,10,5
2023-09-24,108,1,12.0,11,8,17,16,16,12,14,14
2023-09-25,159,1,10.0,24,18,20,30,16,15,28,8
2023-09-26,162,2,14.0,19,24,27,15,26,18,18,15
2023-09-27,173,0,19.0,22,24,26,20,20,27,20,13
2023-09-28,181,0,10.0,16,36,26,19,30,28,19,7
2023-09-29,138,2,14.0,17,16,18,19,26,22,11,9
2023-09-30,84,1,11.0,10,8,13,15,11,9,7,11
2023-10-01,108,2,11.0,11,15,16,18,17,8,12,11
2023-10-02,138,0,19.0,14,18,22,20,23,20,10,11
2023-10-03,144,1,14.0,22,19,17,23,17,14,15,17
2023-10-04,133,1,6.0,21,26,21,15,14,15,10,11
2023-10-05,117,0,8.0,16,14,11,16,18,17,19,6
2023-10-06,104,2,16.0,12,10,16,18,13,15,16,4
2023-10-07,69,5,12.0,10,9,11,7,6,12,7,7
2023-10-08,73,0,14.0,4,10,14,6,9,13,7,10
2023-10-09,100,0,12.0,7,16,17,16,14,12,11,7
2023-10-10,142,1,19.0,22,22,20,16,16,25,17,4
2023-10-11,145,0,13.0,18,25,25,16,17,20,18,6
2023-10-12,144,0,13.0,18,22,21,14,18,26,14,11
2023-10-13,123,1,16.0,16,22,16,16,18,14,10,11
2023-10-14,95,0,12.0,12,16,16,14,5,17,10,5
2023-10-15,87,1,14.0,14,13,14,5,15,12,9,5
2023-10-16,170,0,16.0,24,28,27,17,21,22,19,12
2023-10-17,143,0,12.0,22,31,22,16,15,13,12,12
2023-10-18,150,0,11.0,21,23,19,27,22,21,11,6
2023-10-19,165,0,18.0,27,23,21,10,20,23,25,16
2023-10-20,125,0,17.0,21,16,20,13,14,16,11,14
2023-10-21,106,2,21.0,11,10,20,12,15,14,12,12
2023-10-22,107,1,9.0,21,14,15,13,15,10,9,10
2023-10-23,166,0,10.0,28,18,26,27,13,24,17,13
2023-10-24,173,0,19.0,26,24,19,22,22,21,18,21
2023-10-25,176,1,14.0,28,34,24,21,19,24,12,14
2023-10-26,154,2,11.0,17,19,28,24,23,21,12,10
2023-10-27,131,2,15.0,16,13,22,17,24,15,14,10
2023-10-28,74,0,6.0,14,9,6,11,9,6,7,12
2023-10-29,86,0,10.0,17,11,14,8,10,9,11,6
2023-10-30,132,1,13.0,26,16,16,14,20,16,13,11
2023-10-31,135,1,7.0,26,32,12,18,16,18,6,7
2023-11-01,162,1,20.0,21,25,25,22,29,12,12,16
2023-11-02,166,0,18.0,30,29,19,20,14,23,14,17
2023-11-03,141,1,11.0,18,19,27,23,18,17,13,6
2023-11-04,131,0,20.0,17,21,17,12,19,21,17,7
2023-11-05,106,3,9.0,14,19,8,14,10,23,6,12
2023-11-06,252,1,25.0,28,31,34,32,40,41,22,24
2023-11-07,196,3,18.0,36,16,34,36,24,31,10,9
2023-11-08,227,0,27.0,32,28,34,40,27,24,22,20
2023-11-09,221,0,32.0,33,32,40,26,24,26,30,10
2023-11-10,199,0,21.0,22,28,22,29,26,30,22,20
2023-11-11,125,0,18.0,23,16,15,19,16,9,10,17
2023-11-12,141,0,23.0,16,17,30,10,21,21,15,11
2023-11-13,223,1,25.0,29,26,41,23,35,38,17,14
2023-11-14,242,0,18.0,31,31,43,34,36,28,25,14
2023-11-15,257,0,31.0,33,31,31,33,41,29,31,28
2023-11-16,285,1,27.0,21,49,38,28,36,54,38,21
2023-11-17,205,0,24.0,26,27,30,23,20,23,36,20
2023-11-18,187,0,19.0,32,20,27,25,19,26,19,19
2023-11-19,171,0,32.0,16,25,25,20,20,25,23,17
2023-11-20,276,2,19.0,33,31,37,36,36,42,29,32
2023-11-21,241,1,25.0,23,43,40,27,33,34,25,16
2023-11-22,247,1,23.0,35,31,35,33,31,41,18,23
2023-11-23,133,0,25.0,15,12,25,11,18,17,23,12
2023-11-24,195,0,32.0,30,30,15,25,30,22,25,18
2023-11-25,186,3,26.0,31,21,15,28,22,21,25,23
2023-11-26,175,0,31.0,25,27,34,21,22,17,17,12
2023-11-27,353,1,37.0,45,45,55,44,56,44,41,23
2023-11-28,343,2,46.0,48,41,64,52,44,37,38,19
2023-11-29,363,1,42.0,30,60,48,44,51,63,46,21
2023-11-30,288,2,23.0,37,40,59,36,45,33,21,17
2023-12-01,232,4,32.0,28,34,35,27,41,33,24,10
2023-12-02,185,0,33.0,31,22,30,22,24,24,15,17
2023-12-03,207,0,28.0,22,24,35,31,32,31,21,11
2023-12-04,328,2,27.0,46,54,50,42,46,42,32,16
2023-12-05,333,2,42.0,50,49,44,47,43,50,28,22
2023-12-06,329,1,33.0,39,33,57,48,49,37,36,30
2023-12-07,322,0,39.0,42,48,49,42,47,42,34,18
2023-12-08,275,2,42.0,36,41,36,35,37,32,32,26
2023-12-09,192,2,28.0,28,30,27,18,31,22,17,19
2023-12-10,194,0,37.0,21,29,25,29,37,19,20,14
2023-12-11,351,1,26.0,59,40,49,46,54,45,28,30
2023-12-12,325,2,33.0,50,33,62,49,52,35,24,20
2023-12-13,332,6,38.0,55,39,46,42,49,49,27,25
2023-12-14,350,3,32.0,48,47,58,46,52,52,29,18
2023-12-15,363,1,25.0,53,54,56,46,56,54,26,18
2023-12-16,276,0,35.0,40,41,44,30,39,46,21,15
2023-12-17,239,1,37.0,33,30,30,37,26,34,32,17
2023-12-18,405,2,46.0,70,54,54,69,46,54,33,25
2023-12-19,373,1,35.0,45,50,76,47,50,58,27,20
2023-12-20,419,2,35.0,57,49,87,54,66,53,25,28
2023-12-21,369,0,41.0,43,45,67,56,55,45,39,19
2023-12-22,306,1,40.0,36,41,46,44,43,39,31,26
2023-12-23,231,0,23.0,36,28,29,30,37,27,26,18
2023-12-24,215,2,33.0,23,28,25,40,23,24,29,23
2023-12-25,142,0,40.0,29,19,15,15,11,24,17,11
2023-12-26,371,0,44.0,46,39,47,51,50,56,46,36
2023-12-27,368,2,41.0,50,48,59,47,46,41,44,33
2023-12-28,382,0,42.0,48,54,54,50,55,52,44,25
2023-12-29,337,2,56.0,33,40,59,36,59,41,35,34
2023-12-30,260,0,42.0,36,40,37,27,37,37,22,24
2023-12-31,192,3,33.0,30,22,25,27,20,28,29,11
2024-01-01,129,1,22.0,24,18,20,13,20,12,12,10
2024-01-02,363,1,48.0,28,50,39,46,42,68,50,40
2024-01-03,304,1,44.0,25,43,56,41,42,40,28,29
2024-01-04,323,3,40.0,29,48,58,40,47,33,40,28
2024-01-05,317,0,40.0,30,47,51,39,57,40,29,24
2024-01-06,203,4,31.0,23,29,27,26,32,28,18,20
2024-01-07,168,0,19.0,16,25,23,24,17,20,27,16
2024-01-08,282,0,31.0,40,41,35,36,41,30,42,17
2024-01-09,245,2,38.0,28,34,37,30,29,32,33,22
2024-01-10,275,2,33.0,35,41,33,33,43,34,30,26
2024-01-11,220,0,33.0,26,40,37,28,30,18,28,13
2024-01-12,164,3,27.0,25,26,19,21,22,19,21,11
2024-01-13,144,1,22.0,23,21,20,14,18,12,17,19
2024-01-14,92,1,24.0,9,7,13,12,13,15,15,8
2024-01-15,153,1,22.0,24,18,18,16,23,21,15,18
2024-01-16,168,1,32.0,19,35,21,12,25,28,15,12
2024-01-17,171,1,31.0,32,21,31,16,19,21,23,8
2024-01-18,197,1,25.0,26,25,28,18,26,34,21,19
2024-01-19,153,2,26.0,19,18,26,24,19,23,11,13
2024-01-20,97,3,10.0,10,16,18,9,11,14,9,10
2024-01-21,94,2,21.0,10,4,15,9,11,19,15,11
2024-01-22,172,1,20.0,36,29,22,20,20,15,16,14
2024-01-23,161,1,21.0,31,24,23,13,25,17,15,13
2024-01-24,174,1,19.0,29,23,23,33,21,21,10,14
2024-01-25,158,1,23.0,28,19,26,17,17,24,9,18
2024-01-26,139,2,19.0,26,21,20,14,9,26,11,12
2024-01-27,113,0,16.0,25,12,17,13,12,15,12,7
2024-01-28,96,0,20.0,16,12,12,12,15,13,8,8
2024-01-29,197,1,20.0,43,23,20,22,27,24,25,13
2024-01-30,201,4,22.0,50,30,23,19,19,32,12,16
2024-01-31,170,0,18.0,30,31,26,21,19,20,16,7
2024-02-01,182,2,25.0,38,20,31,18,25,24,11,15
2024-02-02,132,1,9.0,31,17,15,16,20,14,9,10
2024-02-03,96,1,19.0,26,7,14,15,13,8,7,6
2024-02-04,99,2,17.0,20,5,14,21,11,13,9,6
2024-02-05,187,0,21.0,50,26,26,23,20,21,7,14
2024-02-06,195,1,15.0,44,27,28,21,22,26,18,9
2024-02-07,184,1,25.0,43,32,24,18,27,20,9,11
2024-02-08,158,0,17.0,32,33,28,16,18,18,8,5
2024-02-09,143,1,20.0,27,13,25,18,15,18,19,8
2024-02-10,92,0,22.0,19,9,13,12,10,11,11,7
2024-02-11,121,1,16.0,16,14,25,17,15,11,11,12
2024-02-12,188,1,21.0,46,17,25,20,25,22,18,15
2024-02-13,169,1,17.0,23,28,19,18,25,26,18,12
2024-02-14,162,0,13.0,28,24,29,27,23,18,6,7
2024-02-15,145,1,11.0,25,18,29,21,12,19,10,11
2024-02-16,127,1,21.0,22,8,16,22,19,13,16,11
2024-02-17,90,2,10.0,12,12,15,11,13,15,9,3
2024-02-18,94,0,22.0,15,13,16,17,9,13,5,6
2024-02-19,151,0,17.0,20,14,31,19,18,19,19,11
2024-02-20,172,0,12.0,44,18,27,20,21,20,14,8
2024-02-21,175,2,21.0,32,21,22,22,29,17,21,11
2024-02-22,142,2,18.0,23,19,19,16,22,18,15,10
2024-02-23,121,3,12.0,22,15,14,18,15,17,16,4
2024-02-24,70,0,16.0,11,10,7,17,1,14,3,7
2024-02-25,84,1,13.0,8,19,9,11,10,7,16,4
2024-02-26,146,1,12.0,33,13,20,17,17,16,18,12
2024-02-27,126,0,20.0,12,18,23,15,20,15,12,11
2024-02-28,113,0,14.0,26,13,16,16,6,19,7,10
2024-02-29,123,0,16.0,17,15,16,16,15,21,12,11
2024-03-01,92,1,7.0,11,21,15,8,6,9,10,12
2024-03-02,69,0,14.0,7,7,7,16,9,8,12,3
2024-03-03,75,2,9.0,11,11,8,9,7,15,7,7
2024-03-04,100,0,15.0,15,10,20,13,10,15,9,8
2024-03-05,96,0,13.0,22,9,14,10,9,15,10,7
2024-03-06,93,1,6.0,17,17,15,14,10,12,4,4
2024-03-07,93,1,10.0,11,12,19,11,11,8,12,9
2024-03-08,69,1,7.0,12,4,9,9,12,5,7,11
2024-03-09,53,2,5.0,9,4,3,8,5,11,5,8
2024-03-10,52,0,10.0,8,12,3,10,5,4,5,5
2024-03-11,87,1,13.0,17,11,12,8,9,9,11,10
2024-03-12,81,0,13.0,15,7,10,14,11,11,6,7
2024-03-13,94,0,10.0,12,13,15,10,11,14,9,10
2024-03-14,94,2,11.0,17,16,15,13,8,13,5,7
2024-03-15,69,0,7.0,13,8,7,11,10,9,6,5
2024-03-16,43,0,6.0,8,5,6,4,5,5,6,4
2024-03-17,42,0,8.0,11,4,5,7,6,5,1,3
2024-03-18,65,0,11.0,9,7,7,9,14,7,7,5
2024-03-19,57,0,12.0,7,8,8,7,7,9,5,6
2024-03-20,64,0,9.0,11,13,12,6,4,9,6,3
2024-03-21,49,0,11.0,5,12,10,3,5,4,5,5
2024-03-22,54,1,12.0,7,6,7,9,6,5,2,12
2024-03-23,28,1,7.0,3,4,1,2,5,6,5,2
2024-03-24,43,1,8.0,5,5,8,5,7,5,5,3
2024-03-25,67,4,7.0,16,11,9,7,6,5,7,6
2024-03-26,55,0,8.0,9,6,9,5,3,9,8,6
2024-03-27,63,0,11.0,9,6,14,5,6,8,7,8
2024-03-28,65,0,10.0,8,12,8,5,7,10,9,6
2024-03-29,50,1,8.0,6,8,10,5,5,7,2,7
2024-03-30,28,0,7.0,5,4,4,1,2,5,2,5
2024-03-31,37,1,8.0,8,7,7,5,2,3,1,4
2024-04-01,51,0,6.0,5,6,5,9,5,9,8,4
2024-04-02,61,0,7.0,11,8,13,6,5,8,6,4
2024-04-03,53,0,9.0,8,6,7,5,10,5,7,5
2024-04-04,64,0,8.0,9,8,12,5,12,7,5,6
2024-04-05,45,1,9.0,7,9,10,7,3,1,7,1
2024-04-06,33,0,9.0,3,8,4,4,6,3,5,0
2024-04-07,25,0,2.0,5,5,1,3,4,2,3,2
2024-04-08,51,0,10.0,9,2,3,8,8,10,8,3
2024-04-09,35,0,9.0,3,5,6,6,4,5,4,2
2024-04-10,50,0,7.0,8,10,2,6,8,9,3,4
2024-04-11,49,0,9.0,3,9,8,4,7,8,3,7
2024-04-12,42,0,4.0,10,5,3,3,8,7,4,2
2024-04-13,48,0,5.0,8,8,9,5,4,4,8,2
2024-04-14,35,0,5.0,5,2,10,4,2,2,4,6
2024-04-15,54,1,8.0,10,7,8,7,6,5,7,4
2024-04-16,40,0,5.0,8,5,6,7,4,3,3,4
2024-04-17,41,0,5.0,10,6,4,2,6,6,4,3
2024-04-18,39,0,6.0,7,8,2,3,11,3,4,1
2024-04-19,24,0,6.0,6,2,5,1,2,2,3,3
2024-04-20,22,1,3.0,6,4,4,1,2,4,0,1
2024-04-21,20,1,6.0,2,2,0,6,1,4,0,5
2024-04-22,47,0,5.0,9,5,10,3,1,13,3,3
2024-04-23,53,0,9.0,16,8,6,4,3,7,7,2
2024-04-24,50,0,5.0,10,10,3,7,3,6,4,7
2024-04-25,38,0,7.0,1,7,3,5,8,6,6,2
2024-04-26,45,0,11.0,9,4,7,8,4,6,4,3
2024-04-27,29,1,3.0,6,1,2,3,5,7,3,2
2024-04-28,26,0,1.0,5,3,5,4,1,2,3,3
2024-04-29,45,0,4.0,10,5,10,1,4,10,1,4
2024-04-30,60,0,6.0,10,5,11,5,9,9,7,4
2024-05-01,42,0,4.0,6,7,9,5,5,3,5,2
2024-05-02,38,0,10.0,8,3,6,1,11,3,1,5
2024-05-03,138,0,4.0,22,13,10,12,33,38,6,4
2024-05-04,36,1,3.0,0,8,8,7,1,4,5,3
2024-05-05,20,0,4.0,3,5,5,3,0,2,0,2
2024-05-06,53,0,3.0,7,7,4,5,11,10,4,5
2024-05-07,53,1,7.0,9,6,14,5,4,5,6,4
2024-05-08,36,0,3.0,4,8,5,1,2,7,6,3
2024-05-09,33,0,1.0,8,2,8,3,6,1,5,0
2024-05-10,38,0,6.0,8,3,3,7,4,5,5,3
2024-05-11,32,0,2.0,6,0,3,4,8,4,4,3
2024-05-12,32,0,2.0,3,8,2,4,3,3,5,4
2024-05-13,55,0,10.0,12,7,7,6,4,8,6,5
2024-05-14,47,0,6.0,10,5,10,8,7,5,2,0
2024-05-15,50,0,6.0,6,3,9,9,8,5,6,4
2024-05-16,17,0,,3,3,2,2,4,2,0,1
2024-05-17,2,0,1.0,0,0,0,0,1,0,1,0
